jour,Corona,Urgence,Hosp. Corona,n_dose1,n_complet,n_cum_dose1,n_cum_complet,couv_dose1,couv_complet,Hospitalisation,Réanimation,Guérisons,Morts,nbReg,nbDelta,P,T,Incidence,R,taux_occupation_sae,Positivité,tx_reg,dc_by_d
2020-02-24,1.0,48571.0,0.0,,,,,,,,,,,,,,,,,,,,
2020-02-25,1.0,42711.0,0.0,,,,,,,,,,,,,,,,,,,,
2020-02-26,0.0,42092.0,0.0,,,,,,,,,,,,,,,,,,,,
2020-02-27,19.0,41789.0,1.0,,,,,,,,,,,,,,,,,,,,
2020-02-28,30.0,41912.0,6.0,,,,,,,,,,,,,,,,,,,,
2020-02-29,37.0,40854.0,5.0,,,,,,,,,,,,,,,,,,,,
2020-03-01,39.0,39285.0,21.0,,,,,,,,,,,,,,,,,,,,
2020-03-02,111.0,45030.0,51.0,,,,,,,,,,,,,,,,,,,,
2020-03-03,152.0,40876.0,54.0,,,,,,,,,,,,,,,,,,,,
2020-03-04,245.0,40260.0,56.0,,,,,,,,,,,,,,,,,,,,
2020-03-05,315.0,41076.0,71.0,,,,,,,,,,,,,,,,,,,,
2020-03-06,342.0,41088.0,123.0,,,,,,,,,,,,,,,,,,,,
2020-03-07,319.0,40309.0,118.0,,,,,,,,,,,,,,,,,,,,
2020-03-08,295.0,39611.0,129.0,,,,,,,,,,,,,,,,,,,,
2020-03-09,517.0,45316.0,170.0,,,,,,,,,,,,,,,,,,,,
2020-03-10,570.0,41159.0,205.0,,,,,,,,,,,,,,,,,,,,
2020-03-11,788.0,40739.0,230.0,,,,,,,,,,,,,,,,,,,,
2020-03-12,1005.0,41505.0,302.0,,,,,,,,,,,,,,,,,,,,
2020-03-13,1245.0,37522.0,418.0,,,,,,,,,,,,,,,,,,,,
2020-03-14,1177.0,35819.0,378.0,,,,,,,,,,,,,,,,,,,,
2020-03-15,1348.0,31790.0,419.0,,,,,,,,,,,,,,,,,,,,
2020-03-16,1953.0,30158.0,580.0,,,,,,,,,,,,,,,,,,,,
2020-03-17,2037.0,25448.0,696.0,,,,,,,,,,,,,,,,,,,,
2020-03-18,2412.0,25664.0,739.0,,,,,,,2972.0,771.0,816.0,218.0,0,0,,,,,15.2,,,
2020-03-19,2459.0,24183.0,929.0,,,,,,,4073.0,1002.0,1180.0,327.0,0,0,,,5.57082271463596,,19.8,,,109.0
2020-03-20,3012.0,24436.0,1132.0,,,,,,,5226.0,1297.0,1587.0,450.0,0,0,,,8.4039498982035,,25.6,,,123.0
2020-03-21,2778.0,23199.0,1078.0,,,,,,,5900.0,1453.0,1811.0,525.0,0,0,,,11.0134091462262,,28.7,,,75.0
2020-03-22,2929.0,21032.0,1158.0,,,,,,,6954.0,1674.0,2117.0,632.0,0,0,,,13.6005016006945,,33.1,,,107.0
2020-03-23,4695.0,25853.0,1929.0,,,,,,,8673.0,2080.0,2567.0,860.0,0,0,,,18.2826170514324,,41.1,,,228.0
2020-03-24,4581.0,23792.0,1873.0,,,,,,,10163.0,2503.0,3281.0,1100.0,0,0,,,23.9190490271615,,49.5,,,240.0
2020-03-25,4594.0,23530.0,1910.0,,,,,,,12072.0,2935.0,4085.0,1388.0,0,0,,,30.0848284503467,,58.0,,75.94464330745213,288.0
2020-03-26,4776.0,23039.0,2086.0,,,,,,,13879.0,3351.0,4947.0,1696.0,0,0,,,32.9373401883281,,66.3,,77.08030080582739,308.0
2020-03-27,5990.0,26073.0,2546.0,,,,,,,15701.0,3758.0,5698.0,1995.0,0,0,,,36.9424873541504,,74.3,,77.68545240293878,299.0
2020-03-28,5230.0,25403.0,2009.0,,,,,,,17580.0,4236.0,6624.0,2314.0,0,0,,,40.0320871038093,,83.7,,77.43573300667751,319.0
2020-03-29,4204.0,20335.0,1647.0,,,,,,,19311.0,4592.0,7131.0,2606.0,0,0,,,41.7155610986766,,90.8,,75.64161577673453,292.0
2020-03-30,5567.0,24679.0,2310.0,,,,,,,20946.0,5056.0,7923.0,3024.0,0,0,,,44.2325709333408,,100.0,,72.9496373917513,418.0
2020-03-31,4584.0,22954.0,1933.0,,,,,,,22672.0,5496.0,9443.0,3523.0,0,0,,,47.1178873018688,,108.7,,70.3606821377241,499.0
2020-04-01,4086.0,22222.0,1723.0,,,,,,,24543.0,5940.0,10934.0,4032.0,0,0,,,48.9355620580629,,117.4,,68.89529268618816,509.0
2020-04-02,4174.0,22631.0,1718.0,,,,,,,26131.0,6305.0,12427.0,4503.0,0,0,,,50.0598662140681,,124.7,,65.88860920116484,471.0
2020-04-03,4183.0,23678.0,1789.0,,,,,,,27302.0,6556.0,14007.0,5091.0,0,0,,,51.0261116956217,,129.6,,62.75356700409129,588.0
2020-04-04,2996.0,22991.0,1294.0,,,,,,,28003.0,6723.0,15437.0,5532.0,0,0,,,49.9689079202799,,132.9,,55.85703559884913,441.0
2020-04-05,2460.0,20470.0,1150.0,,,,,,,28747.0,6859.0,16182.0,5889.0,0,0,,,48.6835628506824,,135.6,,37.060059059337824,357.0
2020-04-06,3811.0,24424.0,1633.0,,,,,,,29569.0,6948.0,17249.0,6494.0,0,0,,,47.5354007815524,,137.4,,1.3453517082997688,605.0
2020-04-07,3233.0,23633.0,1383.0,,,,,,,29871.0,7004.0,19336.0,7091.0,0,0,,,45.6983414709444,,138.5,,-31.41769035035516,597.0
2020-04-08,3092.0,23233.0,1240.0,,,,,,,30217.0,7019.0,21253.0,7632.0,0,0,,,44.3294937054102,,138.8,,-47.2405090915284,541.0
2020-04-09,2864.0,23783.0,1236.0,,,,,,,30608.0,6937.0,23205.0,8044.0,0,0,,,43.0694976685078,,137.1,,-53.71183791593442,412.0
2020-04-10,3014.0,24937.0,1304.0,,,,,,,31108.0,6875.0,24931.0,8598.0,0,0,,,42.7682915153075,,135.9,,-52.152678160330524,554.0
2020-04-11,2312.0,23861.0,1001.0,,,,,,,31159.0,6752.0,26390.0,8943.0,0,0,,,41.4546151738743,,133.5,,-50.40309231644014,345.0
2020-04-12,1873.0,22082.0,854.0,,,,,,,31665.0,6714.0,27185.0,9253.0,0,0,,,41.0192082593471,,132.7,,-46.5884656444552,310.0
2020-04-13,1921.0,22030.0,839.0,,,,,,,31952.0,6690.0,27717.0,9588.0,0,0,,,36.8545112995028,,132.3,,-51.15332734348614,335.0
2020-04-14,2624.0,25558.0,1015.0,,,,,,,32131.0,6599.0,28804.0,10129.0,0,0,,,34.8892157058491,,130.5,,-56.62209982995122,541.0
2020-04-15,2269.0,24744.0,832.0,,,,,,,31623.0,6331.0,30952.0,10643.0,0,0,,,33.0939077432095,,125.2,,-60.889810756411315,514.0
2020-04-16,2154.0,24441.0,876.0,,,,,,,31172.0,6139.0,32806.0,11053.0,0,0,,,30.9869557903774,,121.4,,-64.30604499310608,410.0
2020-04-17,2233.0,25908.0,938.0,,,,,,,31061.0,5922.0,34414.0,11470.0,0,0,,,28.0524324760295,,117.1,,-66.38102493570683,417.0
2020-04-18,1621.0,25231.0,692.0,,,,,,,30515.0,5733.0,35977.0,11834.0,0,0,,,27.2546835059197,,113.3,,-65.9698227776871,364.0
2020-04-19,1297.0,21306.0,598.0,,,,,,,30486.0,5644.0,36572.0,12061.0,0,0,,,26.0066164255797,,111.6,,-62.087192351745735,227.0
2020-04-20,2224.0,26855.0,959.0,,,,,,,30462.0,5584.0,37403.0,12505.0,0,0,,,26.9922464615472,,110.4,,-56.054985506417516,444.0
2020-04-21,1797.0,24854.0,708.0,,,,,,,29984.0,5334.0,39175.0,12892.0,0,0,,,25.7904040878864,,105.5,,-48.76588740696813,387.0
2020-04-22,1618.0,25119.0,663.0,,,,,,,29627.0,5127.0,40651.0,13225.0,0,0,,,23.6953810916167,,101.4,,-43.59697179541953,333.0
2020-04-23,1775.0,26026.0,655.0,,,,,,,29113.0,4967.0,42082.0,13536.0,0,0,,,21.9492800747969,,98.2,,-42.4855382743968,311.0
2020-04-24,1643.0,26916.0,640.0,,,,,,,28554.0,4785.0,43486.0,13841.0,0,0,,,19.9988956768462,,94.6,,-49.83865265568137,305.0
2020-04-25,1108.0,26305.0,469.0,,,,,,,28119.0,4641.0,44587.0,14039.0,0,0,,,18.9759876516213,,91.8,,-54.26763520331234,198.0
2020-04-26,798.0,22707.0,420.0,,,,,,,28114.0,4598.0,44896.0,14191.0,0,0,,,18.3377884755335,,90.9,,-57.10439584134673,152.0
2020-04-27,1460.0,27264.0,582.0,,,,,,,27954.0,4526.0,45506.0,14486.0,0,0,,,17.0420055689439,,89.5,,-54.96329633366413,295.0
2020-04-28,1614.0,25229.0,551.0,,,,,,,27607.0,4392.0,46322.0,14676.0,0,0,,,15.6627199664176,,86.8,,-51.79372809316086,190.0
2020-04-29,1696.0,25278.0,582.0,,,,,,,26736.0,4128.0,48221.0,15041.0,0,0,,,14.4877177450222,,81.6,,-49.67820739984311,365.0
2020-04-30,1575.0,27308.0,600.0,,,,,,,26192.0,3947.0,49469.0,15231.0,0,0,,,13.4707741980785,,78.0,,-48.12687488601501,190.0
2020-05-01,887.0,23975.0,373.0,,,,,,,25809.0,3819.0,50204.0,15350.0,0,0,,,11.7634422900865,,75.5,,-50.466227040968114,119.0
2020-05-02,1035.0,28431.0,445.0,,,,,,,25751.0,3770.0,50554.0,15468.0,0,0,,,10.9239419720083,,74.5,,-51.33269362566726,118.0
2020-05-03,794.0,24283.0,348.0,,,,,,,25739.0,3762.0,50776.0,15564.0,0,0,,,10.7181674713071,,74.4,,-48.06971515585008,96.0
2020-05-04,1385.0,29819.0,536.0,,,,,,,25472.0,3639.0,51363.0,15807.0,0,0,,,10.3245119047482,,71.9,,-42.989200269944895,243.0
2020-05-05,1403.0,27499.0,442.0,,,,,,,24701.0,3375.0,52728.0,16041.0,0,0,,,9.73999303319114,,66.7,,-37.623204510544,234.0
2020-05-06,1173.0,28140.0,428.0,,,,,,,23912.0,3095.0,53963.0,16218.0,0,0,,,9.15249192249345,,61.2,,-32.15401914811773,177.0
2020-05-07,1171.0,30465.0,445.0,,,,,,,23139.0,2911.0,55018.0,16367.0,0,0,,,8.5277128225383,,57.6,,-26.937502902451385,149.0
2020-05-08,780.0,28739.0,283.0,,,,,,,22657.0,2820.0,55773.0,16478.0,0,0,,,8.30851824570439,,55.8,,-25.573113558856868,111.0
2020-05-09,932.0,31204.0,374.0,,,,,,,22547.0,2764.0,56029.0,16554.0,0,0,,,8.00432985336345,,54.6,,-25.550765100349068,76.0
2020-05-10,661.0,25970.0,298.0,,,,,,,22502.0,2728.0,56208.0,16623.0,0,0,,,7.87609357031776,,53.9,,-22.609208048406337,69.0
2020-05-11,998.0,28828.0,403.0,,,,,,,22219.0,2666.0,56715.0,16801.0,0,0,,,7.4913847211807,,52.7,,-19.330150011351876,178.0
2020-05-12,979.0,28635.0,361.0,,,,,,,21530.0,2496.0,57776.0,16984.0,0,0,,,6.86809674079584,,49.3,,-18.480854576156084,183.0
2020-05-13,904.0,28700.0,323.0,,,,,,,21009.0,2385.0,58664.0,17082.0,0,0,901.0,39839.0,6.34918713033189,,47.2,,-19.525533872309804,98.0
2020-05-14,892.0,28764.0,338.0,,,,,,,20401.0,2256.0,59596.0,17205.0,0,0,1015.0,43174.0,6.04947209670185,,44.6,,-21.616690965663803,123.0
2020-05-15,927.0,30862.0,339.0,,,,,,,19801.0,2162.0,60439.0,17323.0,0,0,1044.0,48380.0,6.14490374920096,,42.7,,-20.32916198734393,118.0
2020-05-16,667.0,31540.0,270.0,,,,,,,19372.0,2091.0,61057.0,17393.0,0,0,292.0,16662.0,6.25673771697337,,41.3,,-16.642258406598515,70.0
2020-05-17,527.0,29979.0,236.0,,,,,,,19302.0,2047.0,61204.0,17447.0,0,0,142.0,6650.0,6.08675008595932,,40.5,,-11.39039412306436,54.0
2020-05-18,824.0,33768.0,348.0,,,,,,,18956.0,1958.0,61719.0,17570.0,0,0,1120.0,51893.0,5.79449065018077,,38.7,,-7.202425294113026,123.0
2020-05-19,742.0,31535.0,297.0,,,,,,,18409.0,1854.0,62554.0,17695.0,98,0,1055.0,53354.0,8.29769859924746,,36.7,2.16933174921606,10.673844751230739,125.0
2020-05-20,928.0,33462.0,324.0,,,,,,,17882.0,1754.0,63345.0,17793.0,98,0,1058.0,53672.0,8.5316254586624,,34.7,2.11932785550374,21.95964900544798,98.0
2020-05-21,569.0,31808.0,234.0,,,,,,,17527.0,1708.0,63849.0,17851.0,88,98,193.0,9766.0,7.30686190172554,,33.8,2.06658238516646,20.100096588686338,58.0
2020-05-22,764.0,37339.0,292.0,,,,,,,17327.0,1664.0,64200.0,17925.0,75,88,826.0,50906.0,6.9820462625379,,32.9,1.95332202301802,14.714590643544822,74.0
2020-05-23,557.0,33372.0,219.0,,,,,,,17122.0,1628.0,64538.0,17968.0,60,73,266.0,19104.0,6.94330678263479,,32.2,1.92302137194782,8.037723894555267,43.0
2020-05-24,462.0,32467.0,185.0,,,,,,,17129.0,1618.0,64608.0,18003.0,38,65,145.0,7235.0,6.94777672262361,,32.0,1.92012320413096,-1.6335195535801788,35.0
2020-05-25,703.0,37108.0,246.0,,,,,,,16742.0,1572.0,65190.0,18093.0,19,49,708.0,51929.0,6.3339049641589,,31.1,1.75146573496875,-18.599250820391532,90.0
2020-05-26,532.0,33530.0,197.0,,,,,,,16209.0,1519.0,65870.0,18175.0,18,23,773.0,54110.0,5.91373060520976,,30.0,1.62937723223449,-19.351763041414266,82.0
2020-05-27,541.0,33848.0,183.0,,,,,,,15627.0,1467.0,66575.0,18240.0,18,16,729.0,46736.0,5.42352718643576,,29.0,1.53716216216216,-16.691804652354655,65.0
2020-05-28,526.0,34749.0,177.0,,,,,,,15155.0,1395.0,67182.0,18306.0,23,16,641.0,44702.0,6.09103822476631,,27.6,1.50783610028143,-13.547245597312605,66.0
2020-05-29,514.0,36529.0,175.0,,,,,,,14643.0,1328.0,67794.0,18367.0,22,20,595.0,49620.0,5.74685284562712,,26.3,1.42760379460568,-12.511245678310196,61.0
2020-05-30,497.0,37594.0,169.0,,,,,,,14329.0,1293.0,68259.0,18424.0,26,23,371.0,20329.0,5.90330074523585,,25.6,1.45871454922333,-8.391076719806637,57.0
2020-05-31,405.0,37518.0,163.0,,,,,,,14271.0,1287.0,68346.0,18455.0,39,23,188.0,8547.0,5.96736988507561,,25.4,1.46725332375925,-1.6307280081886175,31.0
2020-06-01,405.0,38339.0,139.0,,,,,,,14237.0,1270.0,68431.0,18486.0,31,26,171.0,10045.0,5.16725062707671,0.84,25.1,1.49691810977399,-2.7388847273328745,31.0
2020-06-02,416.0,38871.0,172.0,,,,,,,13978.0,1221.0,68803.0,18570.0,32,28,723.0,49097.0,5.09275162726303,0.83,24.1,1.5083382243267,-5.344434747993516,84.0
2020-06-03,379.0,36616.0,173.0,,,,,,,13465.0,1179.0,69446.0,18651.0,31,29,659.0,44966.0,4.98845302752388,0.83,23.3,1.48888671475457,-10.821169295842438,81.0
2020-06-04,393.0,35049.0,172.0,,,,,,,13054.0,1133.0,69967.0,18695.0,32,34,622.0,41584.0,4.96014340759468,0.83,22.4,1.50090848020054,-10.252411841748348,44.0
2020-06-05,398.0,35263.0,160.0,,,,,,,12650.0,1065.0,70494.0,18741.0,28,27,560.0,46753.0,4.90799410772511,0.84,21.1,1.5041782729805,-10.479576853411347,46.0
2020-06-06,341.0,35797.0,116.0,,,,,,,12433.0,1030.0,70796.0,18772.0,33,30,296.0,19721.0,4.79624560800459,0.85,20.4,1.47388760176189,-8.459696232418132,31.0
2020-06-07,203.0,33810.0,78.0,,,,,,,12415.0,1024.0,70832.0,18785.0,38,33,138.0,7587.0,4.72174660819091,0.86,20.2,1.45741353936718,-4.10594059093436,13.0
2020-06-08,342.0,37956.0,118.0,,,,,,,12269.0,995.0,71052.0,18839.0,49,40,559.0,45367.0,5.29985884674505,0.87,19.7,1.41142392317918,-0.15549418370219525,54.0
2020-06-09,229.0,33978.0,108.0,,,,,,,11915.0,926.0,71496.0,18892.0,45,44,574.0,43937.0,5.07785182730029,0.88,18.3,1.38096473029046,1.5576107377593447,53.0
2020-06-10,232.0,34281.0,95.0,,,,,,,11632.0,904.0,71822.0,18915.0,42,48,562.0,40701.0,4.93332376766176,0.89,17.9,1.36406145074177,1.5606573936615198,23.0
2020-06-11,243.0,34676.0,102.0,,,,,,,11420.0,875.0,72139.0,18942.0,44,43,624.0,38811.0,4.9363037276543,0.89,17.3,1.38029014007049,1.4631601200801585,27.0
2020-06-12,249.0,35157.0,91.0,,,,,,,11079.0,851.0,72562.0,18970.0,40,42,613.0,44570.0,5.0152726674568,0.89,16.8,1.41495157384988,1.4723008582735109,28.0
2020-06-13,256.0,35724.0,105.0,,,,,,,10864.0,843.0,72798.0,18994.0,37,41,217.0,19226.0,4.89756424775119,0.89,16.7,1.38451883021427,-0.3750109497462082,24.0
2020-06-14,195.0,35393.0,89.0,,,,,,,10836.0,841.0,72849.0,19003.0,33,38,133.0,6667.0,4.89011434776982,0.88,16.6,1.38773197576332,-3.0825224800489,9.0
2020-06-15,218.0,39854.0,85.0,,,,,,,10707.0,818.0,73034.0,19032.0,35,38,500.0,43895.0,4.80220552798968,0.88,16.2,1.37231859251122,-1.9475050770940154,29.0
2020-06-16,169.0,36306.0,72.0,,,,,,,10490.0,792.0,73325.0,19070.0,38,39,570.0,43055.0,4.79624560800459,0.87,15.7,1.37561751081178,-1.6459601120883727,38.0
2020-06-17,256.0,35262.0,79.0,,,,,,,10222.0,744.0,73657.0,19098.0,42,36,747.0,40177.0,5.0718919073152,0.87,14.7,1.45688618397682,-0.2591558417444431,28.0
2020-06-18,253.0,36087.0,83.0,,,,,,,10080.0,724.0,73877.0,19126.0,35,37,578.0,37959.0,5.00335282748661,0.87,14.3,1.44070087222897,0.4481810768328905,28.0
2020-06-19,213.0,37388.0,86.0,,,,,,,9925.0,699.0,74107.0,19140.0,42,38,699.0,46051.0,5.13149110716614,0.87,13.8,1.46804946354813,2.449832057828325,14.0
2020-06-20,182.0,37936.0,96.0,,,,,,,9792.0,687.0,74302.0,19156.0,41,42,351.0,21735.0,5.3311484266668,0.88,13.6,1.50854617972696,4.469763648070978,16.0
2020-06-21,129.0,36685.0,62.0,,,,,,,9778.0,687.0,74362.0,19163.0,46,43,113.0,6515.0,5.30134882674133,0.88,13.6,1.50134184009317,5.359546684605912,7.0
2020-06-22,201.0,41370.0,76.0,,,,,,,9648.0,673.0,74602.0,19186.0,47,47,602.0,48504.0,5.45332678636123,0.89,13.3,1.51642587536305,5.62539251338825,23.0
2020-06-23,182.0,38038.0,68.0,,,,,,,9446.0,654.0,74861.0,19212.0,47,46,660.0,48446.0,5.58742498602585,0.9,12.9,1.51972604405179,5.338389764415782,26.0
2020-06-24,216.0,38669.0,100.0,,,,,,,9254.0,630.0,75117.0,19223.0,51,49,672.0,45651.0,5.47567648630533,0.91,12.5,1.45744267392149,5.002710034141021,11.0
2020-06-25,200.0,39178.0,74.0,,,,,,,9096.0,623.0,75341.0,19244.0,47,47,510.0,39964.0,5.37435784655873,0.92,12.3,1.41945283969273,2.6658734843996768,21.0
2020-06-26,240.0,41025.0,82.0,,,,,,,8841.0,606.0,75639.0,19270.0,50,54,579.0,51333.0,5.1955602470059,0.93,12.0,1.34444255949168,-0.48781430051506725,26.0
2020-06-27,187.0,40196.0,61.0,,,,,,,8715.0,594.0,75803.0,19285.0,49,54,338.0,24668.0,5.17619050705435,0.94,11.7,1.32413982367672,-2.2580747505203935,15.0
2020-06-28,191.0,39901.0,69.0,,,,,,,8727.0,594.0,75833.0,19287.0,44,52,214.0,8244.0,5.32667848667798,0.96,11.7,1.35403844332923,-3.030838341139522,2.0
2020-06-29,271.0,43753.0,76.0,,,,,,,8643.0,591.0,75989.0,19305.0,49,50,675.0,61815.0,5.43544702640595,0.97,11.7,1.31694849171853,-1.9475050770939322,18.0
2020-06-30,237.0,39564.0,79.0,,,,,,,8491.0,574.0,76264.0,19326.0,50,54,730.0,59773.0,5.5397456261451,0.99,11.3,1.28994653556721,0.9115480854533988,21.0
2020-07-01,175.0,39329.0,60.0,,,,,,,8291.0,554.0,76539.0,19344.0,54,49,633.0,57320.0,5.48163640629043,1.01,11.0,1.22720464863386,2.595896242557538,18.0
2020-07-02,159.0,39441.0,70.0,,,,,,,8103.0,545.0,76792.0,19358.0,55,57,591.0,54984.0,5.60232478598859,1.02,10.8,1.19420809075981,4.175699950352191,14.0
2020-07-03,186.0,40361.0,77.0,,,,,,,7946.0,533.0,77049.0,19376.0,55,58,748.0,64395.0,5.85413140535882,1.04,10.5,1.19757011225886,5.368613487747552,18.0
2020-07-04,180.0,40288.0,60.0,,,,,,,7863.0,517.0,77160.0,19388.0,55,62,352.0,29230.0,5.87499112530665,1.05,10.2,1.1852444134498,5.193274702100252,12.0
2020-07-05,168.0,39118.0,54.0,,,,,,,7863.0,521.0,77179.0,19390.0,50,60,103.0,8549.0,5.70960334572028,1.06,10.3,1.15095121672844,3.8116063003846747,2.0
2020-07-06,201.0,42590.0,69.0,,,,,,,7806.0,521.0,77308.0,19403.0,50,56,680.0,67144.0,5.71705324570165,1.08,10.3,1.13512985802741,2.5776400268340183,13.0
2020-07-07,190.0,39299.0,64.0,,,,,,,7550.0,511.0,77644.0,19437.0,43,51,572.0,66313.0,5.48163640629043,1.09,10.1,1.06722130845568,0.1737875107835331,34.0
2020-07-08,226.0,39810.0,57.0,,,,,,,7254.0,503.0,77985.0,19469.0,46,47,704.0,65186.0,5.58742498602585,1.1,9.9,1.06388411323131,-1.9383688520661755,32.0
2020-07-09,253.0,40402.0,94.0,,,,,,,7134.0,486.0,78159.0,19483.0,52,51,708.0,68827.0,5.76175264558986,1.12,9.6,1.05555661708708,-2.209366251382221,14.0
2020-07-10,227.0,41032.0,80.0,,,,,,,7020.0,471.0,78377.0,19508.0,56,54,856.0,77237.0,5.9226704851874,1.13,9.3,1.04824843619793,0.24086271191723518,25.0
2020-07-11,231.0,41021.0,59.0,,,,,,,6995.0,470.0,78454.0,19514.0,55,60,357.0,32655.0,5.93012038516877,1.15,9.3,1.0400823703425,2.766261661410446,6.0
2020-07-12,205.0,40164.0,64.0,,,,,,,6991.0,473.0,78486.0,19515.0,56,59,117.0,8531.0,5.9509801051166,1.16,9.4,1.0437818668381,3.9512135840170974,1.0
2020-07-13,296.0,46399.0,77.0,,,,,,,6941.0,467.0,78586.0,19533.0,59,59,880.0,80804.0,6.24897610437131,1.18,9.2,1.06042983565107,6.514746047611874,18.0
2020-07-14,257.0,39121.0,56.0,,,,,,,6907.0,465.0,78670.0,19539.0,51,58,184.0,12400.0,5.67086386581717,1.2,9.2,1.11181869701626,2.562426113478755,6.0
2020-07-15,319.0,44435.0,82.0,,,,,,,6873.0,457.0,78809.0,19559.0,51,57,858.0,80329.0,5.9003207852433,1.22,9.0,1.10867228095323,0.4725708061205222,20.0
2020-07-16,299.0,40898.0,76.0,,,,,,,6754.0,456.0,79025.0,19577.0,51,64,979.0,84534.0,6.30410536423343,1.25,9.0,1.13520199404898,1.6459601120883545,18.0
2020-07-17,319.0,41595.0,97.0,,,,,,,6646.0,452.0,79233.0,19591.0,56,59,965.0,94270.0,6.46651318382725,1.27,8.9,1.11326581914817,4.017965779473826,14.0
2020-07-18,289.0,40633.0,66.0,,,,,,,6614.0,450.0,79322.0,19599.0,64,65,445.0,40729.0,6.59763142349932,1.3,8.9,1.11309698875591,6.1322329150799995,8.0
2020-07-19,262.0,39577.0,65.0,,,,,,,6583.0,448.0,79384.0,19600.0,64,66,192.0,12302.0,6.70937992321984,1.33,8.9,1.12218705609689,7.730523633102221,1.0
2020-07-20,291.0,44723.0,97.0,,,,,,,6547.0,442.0,79530.0,19616.0,71,69,1034.0,93123.0,6.93883684264597,1.36,8.7,1.12678987074702,11.53713032917211,16.0
2020-07-21,259.0,41111.0,81.0,,,,,,,6440.0,430.0,79723.0,19629.0,67,73,1100.0,89313.0,8.30365851923255,1.38,8.5,1.13949570209947,17.302451096157004,13.0
2020-07-22,306.0,40854.0,97.0,,,,,,,6324.0,420.0,79946.0,19636.0,74,72,1173.0,89283.0,8.77300221805872,1.4,8.3,1.18258815684557,22.192278376890155,7.0
2020-07-23,286.0,41249.0,86.0,,,,,,,5915.0,411.0,80461.0,19646.0,77,78,1152.0,88357.0,9.03076875741405,1.41,8.1,1.20788543323249,25.969037606768033,10.0
2020-07-24,279.0,41861.0,94.0,,,,,,,5678.0,385.0,80804.0,19656.0,78,75,1278.0,96195.0,9.49713249624767,1.41,7.6,1.26461479246151,28.45681689845149,10.0
2020-07-25,298.0,41258.0,94.0,,,,,,,5634.0,368.0,80915.0,19664.0,72,78,627.0,43401.0,9.76830885556946,1.41,7.3,1.29318847097624,28.211156079769054,8.0
2020-07-26,248.0,40201.0,75.0,,,,,,,5640.0,367.0,80947.0,19665.0,71,75,264.0,14992.0,9.87558741530116,1.4,7.3,1.3006892004333,23.995353857803682,1.0
2020-07-27,346.0,45079.0,107.0,,,,,,,5614.0,374.0,81071.0,19673.0,69,75,1429.0,103287.0,10.4641295138292,1.4,7.4,1.35271004275974,18.601989532191748,8.0
2020-07-28,271.0,40799.0,84.0,,,,,,,5510.0,361.0,81300.0,19688.0,67,74,1366.0,104057.0,10.860464192838,1.39,7.1,1.36549269389284,18.7552165144221,15.0
2020-07-29,249.0,40837.0,80.0,,,,,,,5409.0,356.0,81489.0,19703.0,69,70,1478.0,108087.0,11.3149080917014,1.38,7.0,1.37460154837262,20.151156768204018,15.0
2020-07-30,247.0,40926.0,88.0,,,,,,,5334.0,357.0,81656.0,19719.0,72,73,1549.0,105728.0,11.906430150222,1.37,7.1,1.40248835939927,21.98809657530753,16.0
2020-07-31,273.0,41419.0,88.0,,,,,,,5257.0,347.0,81870.0,19730.0,73,73,1637.0,110211.0,12.4413329688842,1.37,6.9,1.43089709536458,24.78940946543308,11.0
2020-08-01,281.0,42347.0,91.0,,,,,,,5177.0,344.0,82016.0,19736.0,71,78,794.0,47672.0,12.6901596282619,1.36,6.8,1.44869605448472,25.6478066934969,6.0
2020-08-02,212.0,40941.0,83.0,,,,,,,5188.0,345.0,82029.0,19737.0,67,73,250.0,16527.0,12.6692999083141,1.36,6.8,1.44279062822392,22.155673873443305,1.0
2020-08-03,292.0,45447.0,85.0,,,,,,,5157.0,360.0,82155.0,19759.0,68,77,2021.0,113443.0,13.551368066108,1.36,7.1,1.51977461550287,22.442766195591798,22.0
2020-08-04,250.0,41121.0,80.0,,,,,,,5121.0,364.0,82307.0,19770.0,71,74,2012.0,106729.0,14.5138951437007,1.36,7.2,1.62175931167214,25.097727021118914,11.0
2020-08-05,296.0,41203.0,97.0,,,,,,,5107.0,360.0,82449.0,19779.0,75,74,1961.0,106577.0,15.2335554819009,1.36,7.1,1.7060358694709,28.159043846550368,9.0
2020-08-06,310.0,41329.0,96.0,,,,,,,5019.0,366.0,82659.0,19786.0,75,76,2165.0,109853.0,16.1513831596054,1.36,7.2,1.79553732779654,32.82423786174581,7.0
2020-08-07,312.0,41198.0,112.0,,,,,,,4970.0,359.0,82825.0,19798.0,76,78,2303.0,112139.0,17.1437098371236,1.36,7.1,1.89983042535661,38.16608770613432,12.0
2020-08-08,319.0,41118.0,104.0,,,,,,,4981.0,366.0,82881.0,19800.0,77,78,1005.0,49804.0,17.4580956163373,1.36,7.2,1.9273759098573,39.630290349449176,2.0
2020-08-09,269.0,39917.0,87.0,,,,,,,4992.0,368.0,82886.0,19800.0,78,78,441.0,17136.0,17.7426817956256,1.37,7.3,1.95673106943207,36.03922978233116,0.0
2020-08-10,315.0,46454.0,99.0,,,,,,,5004.0,372.0,83036.0,19814.0,76,81,2838.0,116892.0,18.9599954525811,1.38,7.4,2.08296502910422,35.07881379574952,14.0
2020-08-11,268.0,42867.0,101.0,,,,,,,4971.0,367.0,83226.0,19829.0,75,80,2692.0,106637.0,19.9731818500471,1.39,7.3,2.19740049406677,36.12287004544068,15.0
2020-08-12,285.0,43131.0,105.0,,,,,,,4850.0,355.0,83461.0,19846.0,78,81,2892.0,111735.0,21.3603532265778,1.4,7.0,2.33383854252304,39.14036314639096,17.0
2020-08-13,304.0,44004.0,113.0,,,,,,,4824.0,351.0,83651.0,19863.0,77,81,3546.0,121163.0,23.4180156014315,1.41,6.9,2.51194279604469,45.86447366150619,17.0
2020-08-14,375.0,45458.0,113.0,,,,,,,4788.0,344.0,83836.0,19881.0,84,82,3879.0,132851.0,25.7662240755587,1.43,6.8,2.67294625357825,54.096431036965605,18.0
2020-08-15,371.0,42881.0,125.0,,,,,,,4817.0,353.0,83880.0,19884.0,85,84,770.0,26853.0,25.4160787764344,1.44,7.0,2.72919266583469,55.06005255550763,3.0
2020-08-16,302.0,41335.0,86.0,,,,,,,4820.0,353.0,83909.0,19885.0,86,84,689.0,22105.0,25.7855938155102,1.45,7.0,2.74813572671723,51.94571389519321,1.0
2020-08-17,362.0,45794.0,124.0,,,,,,,4885.0,361.0,84053.0,19904.0,91,86,5019.0,154341.0,29.0352401873829,1.47,7.1,2.92732096128251,53.64063322855207,19.0
2020-08-18,336.0,41327.0,111.0,,,,,,,4783.0,357.0,84297.0,19920.0,90,91,4739.0,145398.0,32.0852292397548,1.48,7.1,3.06151173337807,57.188558410231856,16.0
2020-08-19,355.0,41547.0,107.0,,,,,,,4781.0,362.0,84440.0,19937.0,94,93,4851.0,145186.0,35.0041000524547,1.49,7.2,3.18785161624742,61.239659507705205,17.0
2020-08-20,386.0,42159.0,99.0,,,,,,,4723.0,368.0,84615.0,19949.0,93,95,5135.0,153884.0,37.3716782665334,1.49,7.3,3.25788070197315,65.08955032941967,12.0
2020-08-21,404.0,42832.0,127.0,,,,,,,4720.0,367.0,84802.0,19972.0,94,93,5131.0,164860.0,39.2371332218679,1.49,7.3,3.2802527142366,68.36786084533243,23.0
2020-08-22,398.0,41444.0,112.0,,,,,,,4685.0,368.0,84923.0,19980.0,95,95,2238.0,69464.0,41.4244238563975,1.48,7.3,3.29149800926052,68.91140513481446,8.0
2020-08-23,328.0,38534.0,103.0,,,,,,,4683.0,371.0,84946.0,19981.0,90,94,1010.0,23588.0,41.9027074352013,1.47,7.3,3.32354418412267,65.5258150121849,1.0
2020-08-24,350.0,44530.0,133.0,,,,,,,4664.0,387.0,85172.0,19996.0,85,91,6977.0,187204.0,44.820088267905,1.46,7.7,3.42978523508298,63.4572511967783,15.0
2020-08-25,346.0,40159.0,98.0,,,,,,,4578.0,401.0,85494.0,20016.0,86,89,6797.0,177699.0,47.8864671002359,1.45,7.9,3.53819698264094,63.52043007410548,20.0
2020-08-26,396.0,40221.0,132.0,,,,,,,4535.0,373.0,85731.0,20034.0,87,87,6678.0,182038.0,50.6086605534277,1.44,7.4,3.59667588619739,65.13059600205438,18.0
2020-08-27,432.0,40149.0,141.0,,,,,,,4517.0,375.0,85954.0,20046.0,86,88,7408.0,195124.0,53.9953850849575,1.43,7.4,3.6736038602289,67.80440546003439,12.0
2020-08-28,441.0,39381.0,140.0,,,,,,,4517.0,381.0,86147.0,20065.0,89,88,7616.0,201686.0,57.6979853756973,1.41,7.5,3.78121966890405,70.43711450069952,19.0
2020-08-29,478.0,38093.0,130.0,,,,,,,4512.0,394.0,86268.0,20071.0,91,90,3022.0,84891.0,58.8661296927758,1.4,7.8,3.7992553044174,71.30684263231437,6.0
2020-08-30,409.0,36398.0,130.0,,,,,,,4517.0,396.0,86280.0,20075.0,91,91,1314.0,27782.0,59.319083611643,1.39,7.8,3.81339535097567,68.89520956671964,4.0
2020-08-31,526.0,39870.0,169.0,,,,,,,4564.0,403.0,86439.0,20104.0,92,93,9489.0,219614.0,63.0619133622822,1.38,8.0,3.94167395416281,67.56572986557926,29.0
2020-09-01,434.0,36202.0,141.0,,,,,,,4586.0,418.0,86682.0,20123.0,90,95,8859.0,196210.0,66.1342521145982,1.37,8.3,4.06861630746442,67.11413478427123,19.0
2020-09-02,448.0,38284.0,139.0,,,,,,,4614.0,440.0,86933.0,20148.0,89,92,9071.0,195211.0,69.6997742456809,1.36,8.7,4.23526408042647,67.67357972538859,25.0
2020-09-03,535.0,38806.0,178.0,,,,,,,4625.0,458.0,87176.0,20168.0,85,90,9756.0,203260.0,73.1982472769312,1.35,9.1,4.41267349072501,69.52352517339436,20.0
2020-09-04,607.0,41238.0,198.0,,,,,,,4653.0,467.0,87417.0,20186.0,88,89,10087.0,217610.0,76.8799878477232,1.34,9.2,4.56462736688641,72.43185702510102,18.0
2020-09-05,549.0,41641.0,165.0,,,,,,,4667.0,476.0,87549.0,20198.0,88,89,4051.0,93223.0,78.4131772638886,1.33,9.4,4.61994141127372,73.06943762365883,12.0
2020-09-06,526.0,41208.0,131.0,,,,,,,4697.0,480.0,87578.0,20201.0,86,87,1470.0,28461.0,78.6456141433073,1.32,9.5,4.63156250630683,70.36679529100404,3.0
2020-09-07,691.0,45704.0,203.0,,,,,,,4889.0,531.0,87806.0,20226.0,87,90,12263.0,244275.0,82.7788186529702,1.31,10.5,4.78537848392815,69.02567578084471,25.0
2020-09-08,723.0,42115.0,206.0,,,,,,,4942.0,568.0,88196.0,20265.0,89,89,11663.0,241301.0,86.9567225625212,1.29,11.2,4.84500966743846,68.93545712016379,39.0
2020-09-09,692.0,42829.0,177.0,,,,,,,4985.0,593.0,88494.0,20295.0,87,91,11333.0,237363.0,90.327057314092,1.28,11.7,4.86405861614672,69.75201480997312,30.0
2020-09-10,914.0,44886.0,239.0,,,,,,,5077.0,608.0,88712.0,20314.0,85,87,12053.0,251244.0,93.7495413655324,1.27,12.0,4.8587472895418,71.30527658156849,19.0
2020-09-11,849.0,44987.0,279.0,,,,,,,5136.0,628.0,89029.0,20354.0,86,86,11285.0,260554.0,95.5345374010681,1.26,12.4,4.78877783769331,72.55819322251782,40.0
2020-09-12,863.0,43835.0,269.0,,,,,,,5176.0,655.0,89201.0,20371.0,83,86,4496.0,101940.0,96.1975784994099,1.25,12.9,4.78691932754916,71.75952306643558,17.0
2020-09-13,783.0,43074.0,243.0,,,,,,,5228.0,662.0,89240.0,20377.0,78,82,1568.0,29140.0,96.3435965390447,1.24,13.1,4.79258280344711,66.49607368573136,6.0
2020-09-14,1116.0,49277.0,309.0,,,,,,,5479.0,705.0,89477.0,20411.0,79,82,14736.0,275457.0,100.028317069829,1.22,13.9,4.87211195973073,62.459981976170816,34.0
2020-09-15,1029.0,44284.0,318.0,,,,,,,5660.0,752.0,89861.0,20447.0,79,85,13529.0,265938.0,102.808619742876,1.21,14.9,4.92196895878243,61.14266252182556,36.0
2020-09-16,1001.0,43920.0,313.0,,,,,,,5800.0,796.0,90305.0,20493.0,76,81,13450.0,247179.0,105.962907394987,1.2,15.7,5.0361189656259,63.02777010788234,46.0
2020-09-17,1017.0,44446.0,310.0,,,,,,,5825.0,793.0,90810.0,20543.0,82,81,13732.0,244134.0,108.46458380873,1.18,15.7,5.17776794643276,66.62632083623872,50.0
2020-09-18,1005.0,44303.0,329.0,,,,,,,5800.0,820.0,91544.0,20665.0,77,81,13285.0,244457.0,111.444543801277,1.17,16.2,5.3772663190428,69.75493585469299,122.0
2020-09-19,863.0,42898.0,283.0,,,,,,,5493.0,827.0,92289.0,20690.0,77,78,5203.0,94908.0,112.497959658643,1.15,16.4,5.45533235743362,70.0052980789011,25.0
2020-09-20,741.0,40963.0,289.0,,,,,,,5356.0,834.0,92552.0,20701.0,77,78,1805.0,29833.0,112.851084917759,1.13,16.5,5.46996646088692,66.14794899892452,11.0
2020-09-21,979.0,47280.0,345.0,,,,,,,5597.0,912.0,92978.0,20754.0,73,77,15641.0,243053.0,114.199516814387,1.12,18.0,5.675872819571,61.691157284113885,53.0
2020-09-22,799.0,42380.0,296.0,,,,,,,5777.0,944.0,93508.0,20821.0,73,77,14223.0,219114.0,115.233562931801,1.1,18.7,5.93285674504879,55.4659130207961,67.0
2020-09-23,825.0,41395.0,299.0,,,,,,,5913.0,995.0,93952.0,20864.0,65,74,12993.0,202551.0,114.552642073504,1.08,19.7,6.10596690251753,44.529390002778506,43.0
2020-09-24,679.0,40485.0,271.0,,,,,,,6012.0,1041.0,94383.0,20916.0,57,67,12722.0,203427.0,113.047762277268,1.06,20.6,6.22361268444975,21.98023164337234,52.0
2020-09-25,722.0,38484.0,316.0,,,,,,,6110.0,1092.0,94860.0,20971.0,53,57,12280.0,209735.0,111.550332381013,1.04,21.6,6.31627524776365,-4.281831637925557,55.0
2020-09-26,615.0,37005.0,237.0,,,,,,,6154.0,1105.0,95272.0,21010.0,50,52,4801.0,84881.0,110.951360422511,1.02,21.8,6.33119105292558,-25.212635791332332,39.0
2020-09-27,561.0,34873.0,242.0,,,,,,,6235.0,1112.0,95395.0,21037.0,42,50,1387.0,23339.0,110.328548784068,1.02,22.0,6.32929028728706,-39.61943748101608,27.0
2020-09-28,732.0,41906.0,312.0,,,,,,,6397.0,1158.0,95743.0,21118.0,36,44,13723.0,218603.0,107.470767151216,1.01,22.9,6.31104531363609,-50.38901434255742,81.0
2020-09-29,665.0,39123.0,289.0,,,,,,,6482.0,1198.0,96296.0,21177.0,31,40,12788.0,195949.0,105.332645856563,1.02,23.7,6.31575938041341,-55.03203127778502,59.0
2020-09-30,660.0,38092.0,291.0,,,,,,,6572.0,1232.0,96766.0,21240.0,35,31,13332.0,187812.0,105.8377490753,1.03,24.4,6.43565253474091,-53.28620025924687,63.0
2020-10-01,723.0,39013.0,286.0,,,,,,,6634.0,1259.0,97240.0,21303.0,44,38,14638.0,191768.0,108.69255074816,1.05,24.9,6.66646561902569,-40.360343397492215,63.0
2020-10-02,720.0,38050.0,333.0,,,,,,,6740.0,1270.0,97747.0,21350.0,55,49,16197.0,205973.0,114.528802393563,1.08,25.1,7.04052612054792,11.756479178224952,47.0
2020-10-03,695.0,36524.0,297.0,,,,,,,6740.0,1289.0,98199.0,21393.0,66,55,7226.0,89128.0,118.142003884527,1.11,25.5,7.22773504655263,55.61525943458767,43.0
2020-10-04,587.0,34903.0,255.0,,,,,,,6964.0,1335.0,98343.0,21425.0,75,66,1981.0,25097.0,119.027052002313,1.15,26.4,7.2710971952324,67.9066422166406,32.0
2020-10-05,870.0,41419.0,377.0,,,,,,,7276.0,1409.0,98649.0,21494.0,89,78,21442.0,235404.0,130.528207593549,1.19,27.9,7.87790169618946,75.89296156823838,69.0
2020-10-06,773.0,37852.0,313.0,,,,,,,7377.0,1417.0,99264.0,21556.0,93,89,19663.0,213566.0,140.77182006793,1.23,28.0,8.37678556070884,79.62738657122802,62.0
2020-10-07,788.0,38059.0,329.0,,,,,,,7514.0,1406.0,99762.0,21636.0,96,96,20728.0,209913.0,151.791712120369,1.27,27.8,8.85820267393815,81.79430077513005,80.0
2020-10-08,871.0,39864.0,376.0,,,,,,,7603.0,1418.0,100275.0,21712.0,96,95,22551.0,226355.0,163.581923830882,1.31,28.0,9.25837223736406,83.2396019518197,76.0
2020-10-09,945.0,39785.0,386.0,,,,,,,7843.0,1439.0,100797.0,21774.0,97,97,24077.0,253769.0,175.322966201517,1.34,28.4,9.53677723259369,84.32796682664886,62.0
2020-10-10,889.0,37735.0,368.0,,,,,,,7976.0,1456.0,101280.0,21828.0,96,97,11317.0,112274.0,181.418474366272,1.36,28.8,9.68214688420929,84.66030049923963,54.0
2020-10-11,827.0,35856.0,318.0,,,,,,,8231.0,1483.0,101460.0,21874.0,96,97,3223.0,31662.0,183.269029521644,1.38,29.3,9.73024499450206,83.92403864355981,46.0
2020-10-12,1154.0,42295.0,509.0,,,,,,,8671.0,1539.0,101868.0,21969.0,98,96,31710.0,292276.0,198.568144123381,1.39,30.4,10.1263081590831,83.71375221307014,95.0
2020-10-13,1111.0,37536.0,491.0,,,,,,,8928.0,1633.0,102649.0,22053.0,98,98,28593.0,270080.0,211.873665490104,1.4,32.3,10.3803452401548,83.81000784799096,84.0
2020-10-14,1111.0,35919.0,471.0,,,,,,,9173.0,1664.0,103382.0,22157.0,96,97,28802.0,273485.0,223.903763980017,1.41,32.9,10.4896613247968,84.1057498542944,104.0
2020-10-15,1136.0,37945.0,523.0,,,,,,,9584.0,1741.0,104051.0,22245.0,95,96,32024.0,294260.0,238.018344484716,1.42,34.4,10.6442763676489,84.69703922562285,88.0
2020-10-16,1297.0,37602.0,611.0,,,,,,,10021.0,1791.0,104665.0,22367.0,95,95,33611.0,314899.0,252.223813769188,1.42,35.4,10.8280711091097,85.39001524248539,122.0
2020-10-17,1225.0,36518.0,545.0,,,,,,,10399.0,1868.0,105163.0,22456.0,95,94,15289.0,137636.0,258.142014314387,1.43,36.9,10.895954738758,85.5288024996393,89.0
2020-10-18,1132.0,34728.0,511.0,,,,,,,10897.0,1939.0,105400.0,22541.0,96,95,4705.0,39288.0,260.350164668864,1.44,38.3,10.9359050344818,84.77525176226249,85.0
2020-10-19,1607.0,39945.0,746.0,,,,,,,11640.0,2090.0,105904.0,22687.0,97,97,45280.0,346446.0,280.569193218296,1.45,41.3,11.4434551572545,84.6519436998832,146.0
2020-10-20,1426.0,36001.0,681.0,,,,,,,12435.0,2168.0,106808.0,22849.0,99,98,44360.0,313251.0,304.061707819542,1.46,42.9,12.1022402111225,85.20370484421403,162.0
2020-10-21,1638.0,36675.0,755.0,,,,,,,13162.0,2239.0,107621.0,23012.0,99,99,46760.0,321828.0,330.818768592622,1.47,44.3,12.8056517456092,86.04027173084793,163.0
2020-10-22,1743.0,36357.0,834.0,,,,,,,14009.0,2310.0,108568.0,23174.0,100,100,51127.0,347546.0,359.281856461436,1.47,45.7,13.4894115738449,86.8589743493127,162.0
2020-10-23,1856.0,36711.0,868.0,,,,,,,14985.0,2432.0,109455.0,23358.0,100,100,55377.0,378492.0,391.712761060326,1.47,48.1,14.1907665933103,87.52893841084014,184.0
2020-10-24,1790.0,35461.0,737.0,,,,,,,15637.0,2491.0,110291.0,23495.0,100,100,25152.0,162142.0,406.408433763572,1.46,49.2,14.5196002706312,87.75953029285115,137.0
2020-10-25,1748.0,33193.0,813.0,,,,,,,16454.0,2575.0,110629.0,23611.0,100,100,7331.0,46108.0,410.321121233787,1.44,50.9,14.6075533208822,87.551619778931,116.0
2020-10-26,2212.0,36729.0,1096.0,,,,,,,17761.0,2761.0,111316.0,23868.0,100,100,68748.0,418365.0,445.287971786335,1.42,54.6,15.3224007854618,87.45442921833356,257.0
2020-10-27,2115.0,32996.0,1053.0,,,,,,,18955.0,2909.0,112685.0,24156.0,100,100,61525.0,376280.0,470.86347842237,1.39,57.5,15.7200574243222,87.37511761811174,288.0
2020-10-28,2018.0,32364.0,978.0,,,,,,,20184.0,3036.0,113946.0,24400.0,98,100,56928.0,367972.0,486.01359502448,1.36,60.0,15.879463525059,87.22360224391741,244.0
2020-10-29,2122.0,31405.0,1075.0,,,,,,,21160.0,3147.0,115256.0,24635.0,96,98,56175.0,377046.0,493.535014045669,1.32,62.2,15.8838913989828,86.9483905797785,235.0
2020-10-30,2437.0,32360.0,1211.0,,,,,,,22153.0,3368.0,116502.0,24890.0,96,98,58576.0,401738.0,498.301460053748,1.28,66.6,15.8269047205523,86.68107034461715,255.0
2020-10-31,2251.0,31613.0,1032.0,,,,,,,23013.0,3443.0,117563.0,25113.0,94,96,26280.0,172341.0,499.982157489545,1.24,68.1,15.7787403640796,85.97256038099172,223.0
2020-11-01,2088.0,28224.0,1033.0,,,,,,,24008.0,3569.0,118196.0,25344.0,87,94,6972.0,45700.0,499.447254670882,1.2,70.6,15.7627045318175,83.1476197106177,231.0
2020-11-02,2719.0,34630.0,1480.0,,,,,,,25120.0,3721.0,119073.0,25760.0,78,92,70100.0,436076.0,501.461707625844,1.16,73.6,15.7359530309697,77.38482571101297,416.0
2020-11-03,2237.0,31586.0,1168.0,,,,,,,26242.0,3869.0,120683.0,26186.0,73,82,59106.0,383146.0,497.857446014859,1.11,76.5,15.5912275110599,61.94143432244676,426.0
2020-11-04,2020.0,30581.0,1092.0,,,,,,,27511.0,4080.0,122631.0,26571.0,64,73,50125.0,354359.0,487.721112100209,1.07,80.7,15.3712862453252,-31.039204149235957,385.0
2020-11-05,2124.0,31349.0,1157.0,,,,,,,28403.0,4221.0,124247.0,26934.0,48,65,46940.0,368557.0,473.961146834623,1.02,83.5,14.9943011106471,-74.22770482127655,363.0
2020-11-06,2218.0,31832.0,1237.0,,,,,,,28955.0,4321.0,126298.0,27332.0,38,46,45014.0,376705.0,453.754038125161,0.98,85.4,14.5042552553082,-82.1618308995411,398.0
2020-11-07,1903.0,30728.0,1010.0,,,,,,,29396.0,4410.0,127907.0,27636.0,30,37,17943.0,147212.0,441.332074896228,0.93,87.2,14.2524786657909,-84.55335496530577,304.0
2020-11-08,1681.0,27774.0,895.0,,,,,,,30217.0,4527.0,128583.0,27906.0,20,32,4379.0,34818.0,437.468556765891,0.89,89.5,14.1987771739787,-85.27828511477551,270.0
2020-11-09,2411.0,34802.0,1401.0,,,,,,,31098.0,4677.0,129704.0,28454.0,8,21,47650.0,390580.0,404.01850584955,0.85,92.5,13.4652227328209,-86.1368716450242,548.0
2020-11-10,1998.0,32918.0,1153.0,,,,,,,31477.0,4736.0,131889.0,28920.0,5,10,37425.0,350357.0,371.714249550343,0.81,93.6,12.6321823016987,-86.82137421589255,466.0
2020-11-11,1567.0,28467.0,839.0,,,,,,,31918.0,4789.0,133665.0,29248.0,0,3,5381.0,50678.0,305.046584597078,0.77,94.7,12.1143983777409,-87.73568261355761,328.0
2020-11-12,1877.0,33524.0,1057.0,,,,,,,32654.0,4884.0,134923.0,29673.0,1,1,36531.0,360551.0,289.537382815867,0.73,96.6,11.5991433288645,-88.07012895050853,425.0
2020-11-13,1760.0,33416.0,1016.0,,,,,,,32676.0,4887.0,137124.0,30129.0,1,1,28927.0,309437.0,265.568074615814,0.7,96.6,11.0558087718994,-88.26077068085765,456.0
2020-11-14,1396.0,31270.0,794.0,,,,,,,32468.0,4855.0,139110.0,30483.0,1,1,11003.0,115536.0,255.227613441676,0.68,96.0,10.8160670018273,-88.22944342951214,354.0
2020-11-15,1172.0,27371.0,632.0,,,,,,,33050.0,4880.0,139779.0,30785.0,1,1,2711.0,26585.0,252.742326807891,0.66,96.5,10.7641200229715,-87.79219169902939,302.0
2020-11-16,1490.0,34108.0,894.0,,,,,,,33466.0,4903.0,140849.0,31291.0,1,1,30359.0,312249.0,226.979082692325,0.64,96.9,10.1951601148166,-87.20303481430842,506.0
2020-11-17,1257.0,32486.0,704.0,,,,,,,33139.0,4838.0,143121.0,31719.0,1,1,21815.0,258576.0,203.720494950495,0.63,95.7,9.72289877168642,-86.37459728328908,428.0
2020-11-18,1128.0,31069.0,677.0,,,,,,,32811.0,4759.0,145360.0,32144.0,1,1,17370.0,215399.0,221.583865125819,0.62,94.1,9.54832363729519,-85.50038429438533,425.0
2020-11-19,1128.0,31926.0,632.0,,,,,,,32314.0,4637.0,147538.0,32573.0,2,1,16841.0,236984.0,192.246158999192,0.61,91.7,8.95034944418431,-85.24023709066843,429.0
2020-11-20,1043.0,32459.0,582.0,,,,,,,31875.0,4566.0,149490.0,32954.0,2,2,16262.0,246998.0,173.375562346388,0.61,90.3,8.41251629386873,-85.69488200897521,381.0
2020-11-21,944.0,31354.0,520.0,,,,,,,31365.0,4493.0,151146.0,33207.0,2,1,7255.0,105532.0,167.791117320354,0.61,88.8,8.18550605810166,-85.71315375277187,253.0
2020-11-22,759.0,28006.0,386.0,,,,,,,31522.0,4491.0,151650.0,33421.0,1,1,1832.0,24564.0,166.48142490363,0.6,88.8,8.1324435251021,-84.69526769072593,214.0
2020-11-23,1021.0,34964.0,603.0,,,,,,,31449.0,4438.0,152561.0,33921.0,0,0,17759.0,257692.0,147.707676950583,0.61,87.7,7.54045615142676,-84.71510379730978,500.0
2020-11-24,880.0,32476.0,530.0,,,,,,,30594.0,4277.0,154648.0,34374.0,0,0,13742.0,214347.0,135.679068440667,0.61,84.6,7.16513624310523,-85.47354104792146,453.0
2020-11-25,798.0,31824.0,437.0,,,,,,,29944.0,4136.0,156521.0,34755.0,1,0,12636.0,194890.0,128.625503138308,0.61,81.8,6.89835657903779,-84.41500856387825,381.0
2020-11-26,762.0,33277.0,441.0,,,,,,,29282.0,4006.0,158205.0,35094.0,2,0,12533.0,208216.0,122.206669314361,0.62,79.2,6.69667497297456,-83.91469904099414,339.0
2020-11-27,835.0,34376.0,474.0,,,,,,,28620.0,3871.0,159884.0,35487.0,3,1,12463.0,220698.0,116.546235308518,0.63,76.5,6.51358384511294,-83.88526267101483,393.0
2020-11-28,695.0,32069.0,371.0,,,,,,,28139.0,3765.0,161106.0,35700.0,4,2,6079.0,99512.0,114.7940188329,0.65,74.4,6.43986221550184,-83.08454814687148,213.0
2020-11-29,655.0,29369.0,344.0,,,,,,,28284.0,3744.0,161396.0,35898.0,6,3,1608.0,23774.0,114.460263313735,0.67,74.0,6.4266018819687,-79.66834283429462,198.0
2020-11-30,810.0,34813.0,448.0,,,,,,,28229.0,3739.0,162250.0,36304.0,11,4,15868.0,239369.0,111.642711140782,0.69,73.9,6.39225582331784,-75.4464724559174,406.0
2020-12-01,718.0,32666.0,390.0,,,,,,,27611.0,3594.0,163998.0,36667.0,17,7,12401.0,199683.0,109.644647965779,0.72,71.1,6.36091273237109,-70.74483121896813,363.0
2020-12-02,734.0,31756.0,396.0,,,,,,,26986.0,3478.0,165532.0,36976.0,31,17,11545.0,180924.0,108.019079789844,0.74,68.8,6.34152400562976,-64.80527487904361,309.0
2020-12-03,725.0,33578.0,443.0,,,,,,,26675.0,3415.0,166909.0,37300.0,33,27,12043.0,200341.0,107.28898959167,0.77,67.5,6.33401651962035,-58.747058241734855,324.0
2020-12-04,764.0,33899.0,433.0,,,,,,,26283.0,3283.0,168321.0,37582.0,35,33,12564.0,218844.0,107.439477571294,0.8,64.9,6.3319839478745,-55.02802503606841,282.0
2020-12-05,675.0,31646.0,342.0,,,,,,,26040.0,3220.0,169327.0,37796.0,38,36,6583.0,105209.0,108.190427489416,0.84,63.7,6.33896878704759,-46.56371417360067,214.0
2020-12-06,598.0,29752.0,340.0,,,,,,,26262.0,3210.0,169555.0,37970.0,45,40,1754.0,26391.0,108.407964568872,0.87,63.5,6.33789321105521,-25.227607929670594,174.0
2020-12-07,740.0,36579.0,421.0,,,,,,,26333.0,3188.0,170254.0,38336.0,55,44,16736.0,257388.0,109.701267205637,0.9,63.0,6.35108219245437,3.7782151708822918,366.0
2020-12-08,663.0,33863.0,358.0,,,,,,,25882.0,3078.0,171837.0,38713.0,59,55,13252.0,225379.0,110.969240182466,0.93,60.9,6.29290211810989,27.608801390589832,377.0
2020-12-09,610.0,32399.0,364.0,,,,,,,25526.0,3031.0,173216.0,39009.0,61,59,12744.0,207106.0,112.755726197998,0.96,59.9,6.26001962150027,41.726778741956494,296.0
2020-12-10,692.0,34001.0,381.0,,,,,,,25199.0,2949.0,174627.0,39301.0,66,63,13564.0,226586.0,115.02198577233,0.99,58.3,6.24240895189762,50.88811822853559,292.0
2020-12-11,717.0,34774.0,406.0,,,,,,,24943.0,2874.0,175860.0,39605.0,67,67,14085.0,252494.0,117.288245346662,1.02,56.8,6.17744922622971,57.27697608320087,304.0
2020-12-12,687.0,32872.0,371.0,,,,,,,24948.0,2851.0,176712.0,39799.0,69,72,7847.0,133181.0,119.171580061952,1.05,56.4,6.13758026692205,61.47573743641762,194.0
2020-12-13,647.0,30818.0,331.0,,,,,,,25207.0,2861.0,176964.0,39949.0,75,71,2048.0,34378.0,119.609634180856,1.07,56.6,6.12400741203548,61.07148348683294,150.0
2020-12-14,806.0,37559.0,449.0,,,,,,,25449.0,2896.0,177616.0,40320.0,75,75,19688.0,329819.0,124.008055129856,1.09,57.3,6.06318893665444,63.828029566881085,371.0
2020-12-15,745.0,35006.0,388.0,,,,,,,25207.0,2871.0,179056.0,40627.0,85,78,15940.0,314148.0,128.013121359839,1.11,56.8,5.88543554045158,67.03177606642785,307.0
2020-12-16,699.0,33208.0,383.0,,,,,,,25282.0,2840.0,180280.0,40916.0,85,82,15390.0,337095.0,131.955608429979,1.12,56.1,5.57171374771704,70.03768680160131,289.0
2020-12-17,744.0,34420.0,396.0,,,,,,,25149.0,2798.0,181475.0,41174.0,84,86,15872.0,399342.0,135.394482261378,1.13,55.3,5.15195342774707,72.40431522893228,258.0
2020-12-18,853.0,34561.0,458.0,,,,,,,24945.0,2764.0,182634.0,41429.0,83,88,17492.0,507411.0,140.470844108682,1.13,54.6,4.66765191516961,74.85018554413712,255.0
2020-12-19,776.0,33376.0,392.0,,,,,,,24819.0,2718.0,183540.0,41618.0,84,84,10681.0,336141.0,144.693447418122,1.13,53.7,4.3682164806599,76.37963281884923,189.0
2020-12-20,668.0,30241.0,357.0,,,,,,,24961.0,2745.0,183775.0,41749.0,87,86,3667.0,118132.0,147.105725032089,1.12,54.3,4.28194664849742,75.86301382943736,131.0
2020-12-21,836.0,34237.0,430.0,,,,,,,25201.0,2737.0,184433.0,42100.0,85,86,21283.0,679764.0,149.482243126145,1.1,54.1,3.79757568370557,74.93241954228765,351.0
2020-12-22,827.0,32956.0,439.0,,,,,,,24932.0,2719.0,186027.0,42481.0,81,86,18332.0,741856.0,153.046275277231,1.08,53.8,3.35796413555561,74.06732023848474,381.0
2020-12-23,828.0,32988.0,429.0,,,,,,,24852.0,2701.0,187241.0,42757.0,74,84,16831.0,734785.0,155.193336451861,1.06,53.4,3.02272601956568,72.59782435390493,276.0
2020-12-24,714.0,29297.0,402.0,,,,,,,24607.0,2643.0,188608.0,43047.0,68,72,12983.0,505992.0,150.888784242627,1.03,52.3,2.8412309410215,64.30555805965795,290.0
2020-12-25,674.0,29322.0,375.0,,,,,,,24359.0,2616.0,189414.0,43206.0,33,55,1302.0,38767.0,126.766008102958,1.01,51.7,2.72525674507371,-55.34502410566793,159.0
2020-12-26,789.0,35458.0,407.0,,,,,,,24444.0,2640.0,189687.0,43352.0,17,26,9753.0,222810.0,125.383306666416,0.99,52.2,2.79653838190856,-76.05432571952446,146.0
2020-12-27,726.0,29676.0,396.0,20.0,2.0,20.0,2.0,0.0,0.0,24620.0,2650.0,189910.0,43525.0,11,17,2097.0,48016.0,123.044038072267,0.97,52.4,2.80980841952402,-80.256889526434,173.0
2020-12-28,977.0,37033.0,560.0,69.0,0.0,89.0,2.0,0.0,0.0,24645.0,2694.0,190691.0,43888.0,8,15,22062.0,397738.0,124.204732489364,0.97,53.3,3.15660008118703,-80.97709065223081,363.0
2020-12-29,853.0,34475.0,478.0,108.0,0.0,197.0,2.0,0.0,0.0,24743.0,2666.0,191775.0,44272.0,12,12,19539.0,366121.0,126.003138344866,0.97,52.7,3.73898922123071,-79.04549410093354,384.0
2020-12-30,811.0,34348.0,453.0,120.0,0.0,317.0,2.0,0.0,0.0,24560.0,2652.0,193014.0,44575.0,36,17,19198.0,399554.0,129.529920996046,0.98,52.4,4.49770598059241,-67.25259538434317,303.0
2020-12-31,715.0,30937.0,410.0,85.0,0.0,402.0,2.0,0.0,0.0,24407.0,2625.0,194190.0,44826.0,69,32,15552.0,337208.0,133.357679606472,1.0,51.9,5.05575263229247,47.93596406498061,251.0
2021-01-01,669.0,32284.0,372.0,68.0,1.0,470.0,3.0,0.0,0.0,24263.0,2609.0,194870.0,44959.0,76,54,1517.0,33219.0,133.678025305671,1.02,51.6,5.08465354783206,61.154731131005754,133.0
2021-01-02,818.0,35789.0,427.0,82.0,2.0,552.0,5.0,0.0,0.0,24458.0,2632.0,195143.0,45115.0,85,75,13401.0,229971.0,139.113472332077,1.04,52.0,5.29590438943043,69.40421353638773,156.0
2021-01-03,763.0,30838.0,393.0,89.0,0.0,641.0,5.0,0.0,0.0,24780.0,2665.0,195355.0,45231.0,91,86,2818.0,47173.0,140.18774790939,1.07,52.7,5.34113022804838,70.32713492750851,116.0
2021-01-04,936.0,36650.0,524.0,1474.0,7.0,2115.0,12.0,0.0,0.0,24962.0,2657.0,196006.0,45609.0,95,95,27817.0,427645.0,148.762582787945,1.09,52.5,5.62288033934845,73.63482654971122,378.0
2021-01-05,764.0,33965.0,432.0,5389.0,17.0,7504.0,29.0,0.30000000000000004,0.0,24871.0,2616.0,197472.0,45954.0,93,95,22099.0,344235.0,152.576931578405,1.11,51.7,5.83869772215412,75.26445906210859,345.0
2021-01-06,789.0,33060.0,458.0,11292.0,28.0,18796.0,57.0,0.8999999999999999,0.0,24708.0,2607.0,198725.0,46237.0,88,93,19479.0,312996.0,152.995615957358,1.13,51.5,6.12671085550084,75.25123114853514,283.0
2021-01-07,814.0,35048.0,491.0,28552.0,63.0,47348.0,120.0,6.899999999999996,0.0,24488.0,2573.0,200048.0,46513.0,84,90,18757.0,326630.0,157.771001845415,1.15,50.9,6.32432219354022,76.01561582455976,276.0
2021-01-08,856.0,35506.0,506.0,36181.0,73.0,83529.0,193.0,12.799999999999986,0.0,24377.0,2606.0,201255.0,46789.0,93,92,19401.0,350028.0,184.417804098771,1.16,51.5,6.28882819942839,80.92565879105327,276.0
2021-01-09,847.0,32647.0,487.0,10908.0,13.0,94437.0,206.0,14.699999999999987,0.0,24240.0,2600.0,202134.0,46957.0,95,95,10921.0,188814.0,180.722653708013,1.16,51.4,6.27576376115341,81.95531814814036,168.0
2021-01-10,693.0,29492.0,404.0,5618.0,9.0,100055.0,215.0,15.199999999999985,0.0,24526.0,2620.0,202398.0,47108.0,97,96,2573.0,42285.0,180.357608608926,1.15,51.8,6.27895106498422,81.27737009578715,151.0
2021-01-11,948.0,37244.0,541.0,38954.0,89.0,139009.0,304.0,21.099999999999994,0.0,24812.0,2666.0,203041.0,47418.0,97,93,26074.0,396962.0,177.760573475421,1.15,52.7,6.33220174896661,79.64426077088882,310.0
2021-01-12,888.0,34348.0,541.0,60805.0,142.0,199814.0,446.0,31.100000000000005,0.0,24703.0,2678.0,204359.0,47773.0,83,87,20324.0,337656.0,175.115858982035,1.13,52.9,6.26266210963935,74.68986523038853,355.0
2021-01-13,854.0,34019.0,496.0,63730.0,167.0,263544.0,613.0,42.399999999999984,0.0,24735.0,2701.0,205641.0,48002.0,57,80,19835.0,312625.0,175.646291860709,1.12,53.4,6.27896534624724,48.867168866301576,229.0
2021-01-14,946.0,35333.0,575.0,79813.0,709.0,343357.0,1322.0,56.59999999999998,0.0,24983.0,2716.0,206771.0,48284.0,36,66,19956.0,322335.0,177.432777876241,1.11,53.7,6.3459176305391,-52.392998828297245,282.0
2021-01-15,988.0,35174.0,595.0,67420.0,278.0,410777.0,1600.0,68.0,0.0,25009.0,2730.0,208040.0,48564.0,43,53,20901.0,350021.0,179.667747870651,1.1,54.0,6.4129305237496,-21.67545398654937,280.0
2021-01-16,880.0,32308.0,502.0,19704.0,114.0,430481.0,1714.0,71.10000000000001,0.0,24985.0,2731.0,209025.0,48757.0,51,43,11819.0,198230.0,181.005749907305,1.1,54.0,6.41638866998925,16.088489916633705,193.0
2021-01-17,767.0,30594.0,428.0,10465.0,60.0,440946.0,1774.0,72.6,0.0,25235.0,2766.0,209312.0,48898.0,59,48,2841.0,44619.0,181.405064546306,1.09,54.7,6.42474108425355,43.67574333424407,141.0
2021-01-18,1119.0,39309.0,646.0,84324.0,300.0,525270.0,2074.0,86.69999999999999,0.0,25584.0,2803.0,210169.0,49301.0,66,56,29121.0,397123.0,185.945033594951,1.09,55.4,6.64023279683432,59.522900035137795,403.0
2021-01-19,1003.0,36132.0,593.0,128409.0,348.0,653679.0,2422.0,109.1,0.0,25532.0,2829.0,211785.0,49670.0,77,64,22710.0,336768.0,189.50012586606,1.08,55.9,6.77541453019911,65.10090457382793,369.0
2021-01-20,1032.0,34878.0,570.0,135059.0,346.0,788738.0,2768.0,132.09999999999997,0.0,25650.0,2842.0,213211.0,49980.0,77,75,21497.0,320195.0,191.976472619867,1.08,56.2,6.83241143901949,67.68940875968792,310.0
2021-01-21,1109.0,35497.0,672.0,155213.0,319.0,943951.0,3087.0,157.99999999999983,0.0,25699.0,2866.0,214507.0,50326.0,81,78,21870.0,339876.0,194.828294332734,1.08,56.7,6.85699932142666,69.65663936109851,346.0
2021-01-22,1213.0,36480.0,720.0,118517.0,347.0,1062468.0,3434.0,178.60000000000002,0.0,25872.0,2902.0,215791.0,50645.0,81,79,22823.0,382297.0,197.692035885572,1.08,57.4,6.83717917469047,71.34497601955513,319.0
2021-01-23,1040.0,33545.0,590.0,37782.0,73.0,1100250.0,3507.0,185.39999999999998,0.0,25864.0,2886.0,216694.0,50875.0,84,82,12812.0,201342.0,199.171586021872,1.07,57.1,6.8617239982732,71.17281911002152,230.0
2021-01-24,894.0,31069.0,476.0,9361.0,39.0,1109611.0,3546.0,186.29999999999993,0.0,26357.0,2955.0,216934.0,51047.0,83,84,2755.0,42546.0,199.043447742192,1.07,58.4,6.86584899531682,66.48637125958726,172.0
2021-01-25,1217.0,39319.0,696.0,76782.0,1322.0,1186393.0,4868.0,200.59999999999994,0.0,26888.0,3031.0,217677.0,51492.0,74,85,29850.0,431063.0,200.129643159476,1.06,59.9,6.84154630957262,60.9288789956054,445.0
2021-01-26,1086.0,35135.0,632.0,98762.0,3237.0,1285155.0,8105.0,218.30000000000007,0.1,27005.0,3071.0,219121.0,51842.0,64,73,22206.0,359201.0,199.378693241354,1.06,60.7,6.7509733221198,50.66011615352014,350.0
2021-01-27,1021.0,34159.0,569.0,105601.0,5739.0,1390756.0,13844.0,237.40000000000003,0.6,27131.0,3097.0,220539.0,52192.0,54,63,21128.0,339921.0,198.828890622729,1.05,61.2,6.66226656055821,30.256173622996336,350.0
2021-01-28,1137.0,36413.0,684.0,122277.0,14595.0,1513033.0,28439.0,258.0999999999999,3.5000000000000018,27128.0,3101.0,221872.0,52536.0,50,55,22390.0,384735.0,199.603680220791,1.04,61.3,6.53484839467823,10.885867097238394,344.0
2021-01-29,1146.0,36633.0,694.0,90846.0,17463.0,1603879.0,45902.0,272.99999999999994,7.899999999999991,27270.0,3120.0,223143.0,52891.0,53,53,23060.0,414021.0,199.956805479908,1.04,61.7,6.43328370186219,4.442489077350893,355.0
2021-01-30,1003.0,33517.0,583.0,28642.0,4264.0,1632521.0,50166.0,278.9,8.59999999999999,27242.0,3103.0,224089.0,53133.0,49,50,12887.0,216809.0,200.068553979629,1.03,61.3,6.38395083621883,6.023702600947618,242.0
2021-01-31,986.0,32003.0,554.0,4866.0,1687.0,1637387.0,51853.0,279.8,8.69999999999999,27573.0,3148.0,224375.0,53328.0,47,49,3145.0,44476.0,200.649646178175,1.02,62.2,6.39894245865059,8.26570907193478,195.0
2021-02-01,1297.0,40169.0,746.0,51526.0,21202.0,1688913.0,73055.0,288.69999999999993,13.099999999999985,27874.0,3218.0,225288.0,53783.0,48,49,30038.0,441380.0,200.929762417475,1.01,63.6,6.42053978545511,17.37190527671195,455.0
2021-02-02,1103.0,36831.0,662.0,70613.0,34743.0,1759526.0,107798.0,301.6000000000001,19.5,28029.0,3270.0,226865.0,54187.0,46,45,22756.0,384641.0,201.749251415425,1.01,64.7,6.377808519728,23.381737566154932,404.0
2021-02-03,1148.0,35861.0,683.0,70929.0,37158.0,1830455.0,144956.0,313.19999999999993,26.100000000000012,27953.0,3267.0,228441.0,54544.0,40,46,20718.0,350023.0,201.138359616953,1.0,64.6,6.32847659765977,17.91183026725868,357.0
2021-02-04,1104.0,36922.0,652.0,80471.0,50287.0,1910926.0,195243.0,327.6000000000002,36.100000000000016,27766.0,3240.0,229944.0,54901.0,38,39,20713.0,378658.0,198.639663163202,0.99,64.1,6.25063295412348,-1.457066253204921,357.0
2021-02-05,1092.0,37878.0,622.0,67046.0,45512.0,1977972.0,240755.0,340.20000000000005,44.00000000000002,27572.0,3235.0,231518.0,55194.0,39,38,21468.0,422266.0,196.267615009135,0.97,64.0,6.13736325176585,-28.518054575685667,293.0
2021-02-06,1006.0,34712.0,574.0,21287.0,10436.0,1999259.0,251191.0,343.29999999999995,45.500000000000014,27327.0,3215.0,232662.0,55385.0,37,37,12100.0,222052.0,195.095000752067,0.96,63.6,6.07108761481991,-46.10148980733423,191.0
2021-02-07,996.0,32205.0,556.0,4824.0,5082.0,2004083.0,256273.0,344.3999999999999,46.00000000000001,27652.0,3262.0,232946.0,55556.0,30,35,2611.0,43371.0,194.299351434057,0.95,64.5,6.04773856762036,-53.66633589188969,171.0
2021-02-08,1228.0,39166.0,731.0,45816.0,46197.0,2049899.0,302470.0,352.0,53.99999999999997,27995.0,3353.0,233962.0,56014.0,24,29,25685.0,427443.0,187.813468510279,0.94,66.3,5.92736833047038,-64.62338387485065,458.0
2021-02-09,1103.0,35378.0,642.0,64711.0,72865.0,2114610.0,375335.0,362.99999999999994,66.00000000000001,27634.0,3332.0,235686.0,56450.0,19,21,19805.0,379381.0,183.416537541275,0.93,65.9,5.80853538558813,-69.9656542427617,436.0
2021-02-10,938.0,34862.0,533.0,69217.0,77251.0,2183827.0,452586.0,374.6999999999999,78.99999999999999,27417.0,3309.0,237082.0,56746.0,16,17,18264.0,345271.0,179.76012663042,0.92,65.4,5.69987206162208,-72.65003364282524,296.0
2021-02-11,973.0,35671.0,572.0,85534.0,100019.0,2269361.0,552605.0,389.20000000000005,95.29999999999995,26963.0,3327.0,238722.0,57106.0,11,13,17491.0,363138.0,174.959411082426,0.92,65.8,5.5642456088642,-75.1331341712374,360.0
2021-02-12,1054.0,35723.0,610.0,77666.0,75078.0,2347027.0,627683.0,402.4000000000002,107.89999999999998,26424.0,3298.0,240259.0,57423.0,9,11,18537.0,402956.0,170.592279713349,0.91,65.2,5.45811652480258,-76.89143299652,317.0
2021-02-13,865.0,33696.0,503.0,21657.0,19620.0,2368684.0,647303.0,406.0000000000003,111.7,26196.0,3294.0,241323.0,57622.0,8,9,10755.0,216134.0,168.588256618361,0.92,65.1,5.39284071654795,-76.86944110028736,199.0
2021-02-14,762.0,31437.0,440.0,4581.0,7234.0,2373265.0,654537.0,406.80000000000024,112.8,26401.0,3299.0,241597.0,57789.0,8,8,2590.0,42733.0,168.556967038439,0.92,65.2,5.39319704021812,-73.834535449398,167.0
2021-02-15,1077.0,39425.0,652.0,37034.0,76981.0,2410299.0,731518.0,413.6,125.79999999999994,26478.0,3371.0,242497.0,58201.0,11,9,24969.0,420200.0,167.490141361107,0.93,66.6,5.41230871599763,-69.91040260141598,412.0
2021-02-16,997.0,35841.0,583.0,49183.0,101332.0,2459482.0,832850.0,421.49999999999994,142.90000000000003,26195.0,3338.0,244207.0,58552.0,22,11,19739.0,360977.0,167.391802681353,0.95,66.0,5.45858530105426,-62.62656254354611,351.0
2021-02-17,969.0,36011.0,563.0,49287.0,103572.0,2508769.0,936422.0,429.5000000000001,160.99999999999991,25929.0,3340.0,245706.0,58862.0,28,21,19684.0,338255.0,169.507574276062,0.96,66.0,5.54386556521943,-40.42931331501776,310.0
2021-02-18,1062.0,37120.0,633.0,67852.0,119544.0,2576621.0,1055966.0,440.9,179.39999999999992,25717.0,3384.0,247096.0,59133.0,40,29,20500.0,362499.0,173.990924084849,0.98,66.9,5.67502655901155,21.21586381167394,271.0
2021-02-19,993.0,37714.0,550.0,63650.0,91608.0,2640271.0,1147574.0,450.79999999999984,195.00000000000003,25506.0,3380.0,248457.0,59458.0,49,37,22266.0,404684.0,179.547059490953,1.0,66.8,5.83918367821617,58.539010472917624,325.0
2021-02-20,967.0,37301.0,554.0,17956.0,28590.0,2658227.0,1176164.0,453.2,200.09999999999997,25269.0,3369.0,249520.0,59641.0,54,49,12530.0,215407.0,182.191773984338,1.02,66.6,5.91365763869611,68.64616361346589,183.0
2021-02-21,907.0,35452.0,503.0,2857.0,6415.0,2661084.0,1182579.0,453.40000000000003,201.19999999999996,25464.0,3392.0,249727.0,59800.0,59,53,3031.0,43505.0,182.848855162695,1.03,67.1,5.9345692928994,71.90976387218345,159.0
2021-02-22,1176.0,40134.0,659.0,36444.0,73632.0,2697528.0,1256211.0,460.1999999999999,214.0000000000001,25831.0,3407.0,250532.0,60133.0,70,58,29153.0,407028.0,189.082931467104,1.04,67.4,6.21813526010938,74.35132402574651,333.0
2021-02-23,1028.0,37379.0,578.0,52569.0,84770.0,2750097.0,1340981.0,467.6999999999997,229.0,25660.0,3435.0,252083.0,60443.0,71,67,22181.0,344211.0,192.721462618004,1.05,67.9,6.39771009017484,74.80989034032174,310.0
2021-02-24,1093.0,37159.0,618.0,57971.0,81784.0,2808068.0,1422765.0,477.10000000000014,243.1,25614.0,3436.0,253450.0,60720.0,72,71,21048.0,328880.0,194.753795332921,1.06,67.9,6.49065474626863,73.66382204927491,277.0
2021-02-25,1137.0,37148.0,629.0,98474.0,92746.0,2906542.0,1515511.0,491.4,259.59999999999985,25317.0,3430.0,254868.0,60981.0,69,71,21025.0,344404.0,195.536034830964,1.06,67.8,6.56071917248371,71.35058955861777,261.0
2021-02-26,1201.0,37629.0,696.0,111622.0,72368.0,3018164.0,1587879.0,508.4000000000001,272.79999999999995,25130.0,3445.0,256326.0,61265.0,64,68,21606.0,389895.0,194.552648033424,1.05,68.1,6.56763623139784,67.65772936509225,284.0
2021-02-27,1053.0,36530.0,616.0,51090.0,22451.0,3069254.0,1610330.0,515.9000000000001,277.0,24989.0,3453.0,257258.0,61450.0,61,62,12616.0,206530.0,194.680786313103,1.05,68.3,6.59184207831205,60.380460251715,185.0
2021-02-28,929.0,34438.0,502.0,5666.0,4486.0,3074920.0,1614816.0,516.8000000000001,277.5,25280.0,3492.0,257555.0,61572.0,59,63,2947.0,44423.0,194.555627993416,1.04,69.0,6.58722207256155,35.720976973758304,122.0
2021-03-01,1317.0,40560.0,777.0,63510.0,53496.0,3138430.0,1668312.0,525.8999999999999,286.7999999999999,25430.0,3544.0,258384.0,61947.0,45,60,27422.0,404245.0,191.976472619867,1.03,70.1,6.57171609288794,-7.097922164415771,375.0
2021-03-02,1095.0,36712.0,666.0,99230.0,67434.0,3237660.0,1735746.0,541.8,299.4,25263.0,3586.0,259893.0,62247.0,38,48,21151.0,337545.0,190.441793223705,1.03,70.9,6.54666202956511,-35.60827820135022,300.0
2021-03-03,1121.0,36604.0,638.0,113377.0,66955.0,3351037.0,1802701.0,558.4999999999999,310.69999999999993,25111.0,3637.0,261289.0,62569.0,37,38,20453.0,320358.0,189.555255125922,1.02,71.9,6.54065209098303,-45.87482096753094,322.0
2021-03-04,1172.0,37766.0,686.0,159973.0,71072.0,3511010.0,1873773.0,582.8000000000001,323.09999999999997,24891.0,3633.0,262690.0,62862.0,36,37,20495.0,345076.0,188.765565727897,1.02,71.8,6.49601696583861,-48.56989380538268,293.0
2021-03-05,1181.0,37263.0,686.0,197485.0,65973.0,3708495.0,1939746.0,612.7000000000002,334.2000000000001,24765.0,3680.0,263919.0,63100.0,38,36,21912.0,395865.0,189.221499606757,1.02,72.8,6.47864072816094,-47.333756556338756,238.0
2021-03-06,980.0,36470.0,546.0,204412.0,19549.0,3912907.0,1959295.0,641.4000000000002,338.00000000000006,24625.0,3689.0,264909.0,63270.0,41,40,13697.0,213949.0,190.832167982729,1.02,72.9,6.50178640867385,-33.24849607211978,170.0
2021-03-07,945.0,34496.0,533.0,119652.0,6457.0,4032559.0,1965752.0,656.3000000000003,338.9000000000001,24818.0,3743.0,265295.0,63400.0,52,40,3146.0,46181.0,191.128674001987,1.03,74.0,6.5088388098825,-4.281831637929635,130.0
2021-03-08,1298.0,41922.0,806.0,104586.0,51978.0,4137145.0,2017730.0,672.4000000000001,347.50000000000006,25195.0,3849.0,266096.0,63759.0,61,50,29327.0,427662.0,193.967085894888,1.04,76.1,6.58268057355551,29.41883447243877,359.0
2021-03-09,1173.0,38561.0,672.0,169407.0,58711.0,4306552.0,2076441.0,699.1,357.89999999999986,25201.0,3918.0,267539.0,64057.0,69,60,23641.0,370517.0,197.67713608561,1.05,77.5,6.60565432179904,52.640257019509875,298.0
2021-03-10,1120.0,36841.0,649.0,175404.0,59191.0,4481956.0,2135632.0,726.1,367.5999999999999,24969.0,3918.0,269019.0,64321.0,78,68,23804.0,346112.0,202.670059053122,1.07,77.5,6.68645077184063,65.61187234741624,264.0
2021-03-11,1225.0,38747.0,711.0,238796.0,66027.0,4720752.0,2201659.0,761.4000000000001,378.7999999999999,24858.0,3992.0,270433.0,64586.0,79,77,24621.0,410370.0,208.817716517747,1.09,78.9,6.66726925876415,72.53844926195005,265.0
2021-03-12,1278.0,39258.0,714.0,290301.0,56808.0,5011053.0,2258467.0,805.9000000000002,388.40000000000015,24749.0,4033.0,271678.0,64809.0,83,82,26446.0,464619.0,215.573285820851,1.11,79.7,6.67064711482824,76.68439583440913,223.0
2021-03-13,1220.0,36695.0,696.0,227648.0,17214.0,5238701.0,2275681.0,836.9999999999998,390.90000000000015,24671.0,4070.0,272615.0,64978.0,85,85,17026.0,245043.0,220.533429228446,1.13,80.5,6.72781554064435,78.88861582042409,169.0
2021-03-14,1076.0,34742.0,592.0,62053.0,4071.0,5300754.0,2279752.0,844.0999999999998,391.60000000000014,24989.0,4127.0,272960.0,65118.0,87,85,4244.0,54509.0,222.169427264354,1.15,81.6,6.75530946148347,78.93822004927294,140.0
2021-03-15,1454.0,43162.0,850.0,155516.0,34725.0,5456270.0,2314477.0,866.7000000000002,397.09999999999997,25469.0,4219.0,273771.0,65451.0,91,88,38779.0,495130.0,236.252718189132,1.17,83.4,7.03714092211883,80.4506831009985,333.0
2021-03-16,1290.0,38880.0,705.0,139168.0,41475.0,5595438.0,2355952.0,889.6000000000001,404.7,25492.0,4239.0,275360.0,65765.0,95,91,30758.0,448929.0,246.856905822611,1.18,83.8,7.12327919008267,81.78833393473293,314.0
2021-03-17,1326.0,37642.0,743.0,147889.0,41016.0,5743327.0,2396968.0,913.0999999999999,411.10000000000014,25314.0,4219.0,276993.0,66006.0,96,97,30439.0,404630.0,256.742923097886,1.2,83.4,7.22635748186103,82.81345368114083,241.0
2021-03-18,1395.0,39054.0,819.0,164850.0,47647.0,5908177.0,2444615.0,939.6999999999998,419.3,25389.0,4246.0,278263.0,66274.0,96,98,31205.0,483342.0,266.552951393351,1.21,83.9,7.27123080549843,83.61065698911611,268.0
2021-03-19,1660.0,39742.0,911.0,226284.0,41334.0,6134461.0,2485949.0,973.6999999999998,426.09999999999997,25339.0,4287.0,279646.0,66559.0,96,96,33200.0,545137.0,276.616276288183,1.22,84.8,7.30992908639175,84.23842417773962,285.0
2021-03-20,1375.0,38988.0,739.0,164328.0,14027.0,6298789.0,2499976.0,996.4000000000002,427.80000000000007,25537.0,4353.0,280571.0,66735.0,95,95,20732.0,282851.0,282.138142154373,1.23,86.1,7.33804201072357,84.29607090913956,176.0
2021-03-21,1373.0,36831.0,723.0,48715.0,3488.0,6347504.0,2503464.0,1002.3000000000003,428.3,25926.0,4406.0,280955.0,66873.0,95,95,5008.0,59732.0,283.276486871525,1.23,87.1,7.35150422384462,83.10376643563028,138.0
2021-03-22,1775.0,44818.0,1002.0,166870.0,37302.0,6514374.0,2540766.0,1027.3999999999994,434.5999999999999,26488.0,4548.0,281885.0,67216.0,94,96,46939.0,581562.0,295.434723641118,1.23,89.9,7.47548368148749,82.55896421189047,343.0
2021-03-23,1675.0,41115.0,952.0,246425.0,46723.0,6760799.0,2587489.0,1065.5,441.60000000000014,26756.0,4634.0,283507.0,67503.0,95,96,38088.0,535627.0,306.356277013803,1.23,91.6,7.51458797335534,82.52025993985345,287.0
2021-03-24,1705.0,40879.0,935.0,252978.0,48250.0,7013777.0,2635739.0,1106.0000000000002,449.3000000000002,26876.0,4651.0,285199.0,67748.0,93,95,37136.0,483128.0,316.334673048847,1.23,92.0,7.53838555383032,82.81536180607934,245.0
2021-03-25,1770.0,41684.0,962.0,337010.0,50776.0,7350787.0,2686515.0,1161.2,457.59999999999985,27036.0,4709.0,286607.0,67973.0,93,96,38227.0,570672.0,326.79731258268,1.22,93.1,7.53912642654069,83.40051443917216,225.0
2021-03-26,1904.0,41406.0,1042.0,354184.0,48448.0,7704971.0,2734963.0,1216.4999999999998,464.89999999999986,27242.0,4766.0,288062.0,68276.0,94,96,39932.0,635140.0,336.827857917594,1.21,94.2,7.54985545658087,84.12283800456642,303.0
2021-03-27,1666.0,39461.0,885.0,192732.0,20115.0,7897703.0,2755078.0,1244.5999999999992,468.0999999999999,27259.0,4791.0,289350.0,68466.0,97,95,25130.0,347455.0,343.380789941205,1.2,94.7,7.53434689249874,84.3602453859204,190.0
2021-03-28,1451.0,37209.0,772.0,58277.0,4808.0,7955980.0,2759886.0,1251.6999999999994,468.89999999999986,27712.0,4872.0,289752.0,68597.0,97,97,5122.0,63358.0,343.55064766078,1.18,96.3,7.52798581470904,83.31493397078387,131.0
2021-03-29,1993.0,45480.0,1088.0,200180.0,58206.0,8156160.0,2818092.0,1284.3999999999994,477.7,28322.0,4974.0,290810.0,68957.0,97,98,53130.0,687426.0,352.775113817709,1.17,98.3,7.53097363992235,82.41506408199797,360.0
2021-03-30,1781.0,41022.0,999.0,281609.0,75584.0,8437769.0,2893676.0,1329.1000000000001,489.6,28510.0,5072.0,292796.0,69293.0,97,98,43554.0,656016.0,360.919344477341,1.15,100.3,7.43970525092432,81.72124048133965,336.0
2021-03-31,1741.0,40726.0,963.0,259113.0,78970.0,8696882.0,2972646.0,1372.3999999999999,500.99999999999994,28463.0,5053.0,294638.0,69596.0,96,98,39629.0,570396.0,364.633864608051,1.12,99.9,7.31697764010997,80.70540205433717,303.0
2021-04-01,1982.0,41322.0,1102.0,309460.0,95926.0,9006342.0,3068572.0,1423.6000000000006,515.8000000000002,28581.0,5109.0,296166.0,69904.0,94,96,39506.0,660087.0,366.539549023285,1.1,101.0,7.15236027918287,79.35782155888279,308.0
2021-04-02,2049.0,42136.0,1143.0,277270.0,99048.0,9283612.0,3167620.0,1468.3999999999994,529.2000000000003,28729.0,5254.0,297734.0,70204.0,89,94,38693.0,670440.0,364.693463807902,1.07,103.9,7.03906536911783,77.05087852828957,300.0
2021-04-03,1804.0,41346.0,949.0,138992.0,65108.0,9422604.0,3232728.0,1489.2999999999995,537.5,28886.0,5273.0,299075.0,70389.0,79,88,24320.0,406226.0,363.48658001092,1.04,104.3,6.89410773283234,72.58472442095213,185.0
2021-04-04,1695.0,38992.0,904.0,44834.0,19912.0,9467438.0,3252640.0,1495.5000000000002,539.6999999999999,29356.0,5341.0,299624.0,70574.0,69,80,4932.0,66133.0,363.203483811628,1.02,105.6,6.88137390348958,52.49155800974027,185.0
2021-04-05,1866.0,39501.0,963.0,58731.0,12722.0,9526169.0,3265362.0,1503.6,541.0999999999999,29907.0,5433.0,300064.0,70771.0,12,48,8602.0,102929.0,296.857654537559,1.0,107.4,6.61359265970749,-81.95490014242345,197.0
2021-04-06,2064.0,40426.0,1177.0,212710.0,113318.0,9738879.0,3378680.0,1539.8999999999996,559.0999999999999,30639.0,5626.0,301299.0,71180.0,6,15,53843.0,630442.0,312.188058719218,0.98,111.2,7.09995510110722,-84.6356846189896,409.0
2021-04-07,1654.0,37113.0,952.0,255921.0,122719.0,9994800.0,3501399.0,1582.3999999999999,578.5,30904.0,5729.0,303639.0,71601.0,6,8,39110.0,478017.0,311.414759101152,0.97,113.3,7.3052252181718,-85.25062686134041,421.0
2021-04-08,1887.0,37501.0,1083.0,332270.0,131565.0,10327070.0,3632964.0,1638.1000000000006,599.0000000000001,30555.0,5705.0,305711.0,71944.0,8,11,37007.0,469491.0,307.691299090464,0.96,112.8,7.69302123201887,-85.09341752482045,343.0
2021-04-09,1989.0,38678.0,1128.0,404176.0,127303.0,10731246.0,3760267.0,1703.4000000000005,618.6,30326.0,5757.0,307674.0,72243.0,17,11,37967.0,509716.0,306.609573613169,0.96,113.8,8.10765022305977,-84.01552285345049,299.0
2021-04-10,1764.0,37565.0,996.0,209900.0,88163.0,10941146.0,3848430.0,1738.1,629.7,30238.0,5769.0,309136.0,72450.0,32,15,24061.0,296143.0,306.223668794135,0.96,114.1,8.41041716114353,-79.82016794920045,207.0
2021-04-11,1533.0,34132.0,837.0,54948.0,36321.0,10996094.0,3884751.0,1746.3,633.5000000000001,30671.0,5838.0,309787.0,72626.0,65,27,5008.0,59391.0,306.336907273851,0.96,115.4,8.43811998827845,22.684566747142327,176.0
2021-04-12,1851.0,39525.0,1053.0,233525.0,121579.0,11229619.0,4006330.0,1784.8000000000006,652.4999999999997,31262.0,5916.0,310934.0,73011.0,96,61,46289.0,479982.0,362.489783393413,0.96,117.0,8.85595678987629,78.63326603945934,385.0
2021-04-13,1606.0,35961.0,878.0,304724.0,153560.0,11534343.0,4159890.0,1834.7999999999995,676.3999999999997,31226.0,5952.0,313051.0,73335.0,97,96,34343.0,391481.0,333.435173466079,0.96,117.7,8.85957230497341,80.92937342064255,324.0
2021-04-14,1587.0,36651.0,888.0,289119.0,148486.0,11823462.0,4308376.0,1884.8999999999999,700.0000000000002,30868.0,5902.0,315152.0,73632.0,97,94,31734.0,370342.0,322.445081013565,0.96,116.7,8.91335704088853,79.70683922879621,297.0
2021-04-15,1675.0,36767.0,949.0,331159.0,158441.0,12154621.0,4466817.0,1942.0999999999997,725.5,30668.0,5924.0,317036.0,73928.0,83,81,31432.0,375978.0,314.13844253434,0.96,117.1,8.97531080729011,71.17408914129348,296.0
2021-04-16,1751.0,37579.0,978.0,334340.0,155699.0,12488961.0,4622516.0,1997.8000000000002,749.6,30472.0,5914.0,318923.0,74234.0,49,68,32279.0,417543.0,305.663436315536,0.95,116.9,9.06459027606557,-43.01302943232016,306.0
2021-04-17,1629.0,37266.0,907.0,185890.0,95587.0,12674851.0,4718103.0,2030.1000000000001,763.5999999999997,30329.0,5877.0,320275.0,74423.0,24,56,20400.0,248259.0,300.208619549178,0.95,116.2,9.06515338571567,-79.51762628110887,189.0
2021-04-18,1431.0,34962.0,776.0,50401.0,37200.0,12725252.0,4755303.0,2038.6000000000004,768.2999999999998,30789.0,5893.0,320757.0,74563.0,6,26,4597.0,52311.0,299.59623777071,0.94,116.5,9.07350307325128,-84.12079136186948,140.0
2021-04-19,1875.0,40787.0,1110.0,202237.0,145086.0,12927489.0,4900389.0,2070.6999999999994,791.1000000000001,31214.0,5970.0,321889.0,75010.0,11,16,41366.0,418542.0,292.261066249055,0.93,118.0,9.16246654303745,-81.30790574067461,447.0
2021-04-20,1652.0,37463.0,982.0,250074.0,179303.0,13177563.0,5079692.0,2115.2000000000016,820.2,31086.0,5984.0,323961.0,75384.0,10,6,30755.0,343724.0,286.892668322481,0.92,118.3,9.18859409471007,-79.85500163780549,374.0
2021-04-21,1662.0,37160.0,966.0,248704.0,177582.0,13426267.0,5257274.0,2160.8999999999996,849.9000000000004,30954.0,5959.0,325811.0,75697.0,15,8,29202.0,326481.0,283.112589071935,0.91,117.8,9.24262979427584,-78.57613713192382,313.0
2021-04-22,1561.0,37656.0,910.0,282013.0,198632.0,13708280.0,5455906.0,2211.499999999999,882.1999999999998,30634.0,5981.0,327668.0,75980.0,16,12,28014.0,331139.0,278.015367504684,0.9,118.2,9.24730990952415,-77.83051126954088,283.0
2021-04-23,1536.0,38684.0,904.0,289373.0,194781.0,13997653.0,5650687.0,2260.5999999999995,913.8999999999997,30438.0,5962.0,329405.0,76285.0,16,15,28363.0,377861.0,272.173155939295,0.9,117.9,9.22217190481023,-78.40093026755018,305.0
2021-04-24,1308.0,38795.0,720.0,187363.0,119607.0,14185016.0,5770294.0,2293.399999999999,932.3000000000006,30100.0,5958.0,330838.0,76502.0,18,17,17505.0,223674.0,267.85668389009,0.89,117.8,9.17037517675361,-79.0166833641509,217.0
2021-04-25,1241.0,36488.0,697.0,67897.0,41672.0,14252913.0,5811966.0,2304.300000000001,936.8000000000006,30287.0,5978.0,331362.0,76647.0,17,19,3624.0,49268.0,266.403953393724,0.87,118.2,9.13218290414418,-77.52706129445646,145.0
2021-04-26,1511.0,40874.0,843.0,215346.0,166711.0,14468259.0,5978677.0,2340.5999999999995,964.3,30596.0,6001.0,332563.0,77045.0,14,12,34219.0,407447.0,255.787845920275,0.86,118.6,8.87437327762812,-78.43999520359334,398.0
2021-04-27,1331.0,37540.0,787.0,279610.0,207242.0,14747869.0,6185919.0,2386.9999999999995,999.5000000000001,30281.0,5943.0,334577.0,77370.0,10,13,24814.0,360034.0,246.940344702402,0.85,117.5,8.4837217111591,-79.9966106298703,325.0
2021-04-28,1362.0,36623.0,779.0,294005.0,204442.0,15041874.0,6390361.0,2437.2000000000003,1034.5,29911.0,5879.0,336281.0,77685.0,6,9,22117.0,315329.0,236.380856468811,0.84,116.2,8.14844262417172,-81.50382599340887,315.0
2021-04-29,1286.0,37403.0,736.0,351307.0,226519.0,15393181.0,6616880.0,2496.6000000000004,1072.9999999999998,29487.0,5804.0,338000.0,77991.0,4,4,21306.0,387020.0,226.38160071382,0.82,114.7,7.56363723255387,-82.73994686175335,306.0
2021-04-30,1370.0,38602.0,772.0,366368.0,219549.0,15759549.0,6836429.0,2557.8000000000015,1108.7999999999997,28930.0,5675.0,339650.0,78261.0,2,3,22670.0,470591.0,217.899144595034,0.81,112.2,6.96947486007961,-83.59232982222522,270.0
2021-05-01,1093.0,35239.0,627.0,163089.0,61545.0,15922638.0,6897974.0,2586.1000000000013,1118.4999999999998,28603.0,5581.0,340997.0,78453.0,2,2,3995.0,69450.0,197.768024865382,0.8,110.3,6.74865466200798,-84.70720269862834,192.0
2021-05-02,974.0,35443.0,526.0,89696.0,42353.0,16012334.0,6940327.0,2598.4000000000005,1124.0,28818.0,5585.0,341458.0,78566.0,2,1,3563.0,58017.0,197.681606025598,0.79,110.4,6.72070626328448,-84.5066455735749,113.0
2021-05-03,1195.0,41800.0,699.0,282005.0,187060.0,16294339.0,7127387.0,2642.6000000000004,1153.2000000000005,28950.0,5630.0,342451.0,78877.0,3,2,28933.0,473404.0,189.805571765296,0.78,111.3,6.30956950714846,-84.23657997886984,311.0
2021-05-04,1062.0,37984.0,641.0,308217.0,247058.0,16602556.0,7374445.0,2691.8000000000015,1194.9000000000003,28427.0,5504.0,344265.0,79120.0,3,2,20212.0,405706.0,182.951663782438,0.77,108.8,5.95145311076213,-83.70089548905786,243.0
2021-05-05,924.0,37175.0,500.0,318082.0,246427.0,16920638.0,7620872.0,2745.3999999999996,1237.2000000000003,27686.0,5402.0,346184.0,79364.0,3,3,17637.0,354293.0,176.272083459144,0.77,106.8,5.61903685324437,-83.0043817588535,244.0
2021-05-06,973.0,38370.0,571.0,371305.0,269431.0,17291943.0,7890303.0,2809.7,1282.3999999999999,26985.0,5231.0,347768.0,79583.0,4,4,17147.0,444055.0,170.075256654642,0.77,103.4,5.25575448159132,-82.07706357388027,219.0
2021-05-07,937.0,40279.0,539.0,364872.0,295170.0,17656815.0,8185473.0,2870.6,1330.3000000000013,26331.0,5106.0,349293.0,79809.0,5,4,18166.0,508345.0,163.358426831441,0.77,100.9,4.953039235617,-80.75256537038338,226.0
2021-05-08,812.0,39152.0,443.0,208126.0,79445.0,17864941.0,8264918.0,2900.7000000000003,1343.2000000000003,25800.0,5005.0,350471.0,79985.0,6,4,4035.0,87018.0,163.435905791247,0.77,99.0,4.9174007576267,-80.56567909378697,176.0
2021-05-09,735.0,38392.0,397.0,127366.0,54197.0,17992307.0,8319115.0,2915.7999999999997,1352.0999999999997,25797.0,4971.0,350873.0,80100.0,7,6,2883.0,57953.0,162.422719393781,0.77,98.3,4.88723843904267,-78.20558437179021,115.0
2021-05-10,853.0,43760.0,496.0,302824.0,251872.0,18295131.0,8570987.0,2959.7999999999997,1392.7000000000003,25666.0,4870.0,351795.0,80392.0,8,6,23891.0,522053.0,154.914710192558,0.77,96.3,4.59760406859947,-76.70006544515095,292.0
2021-05-11,721.0,38672.0,399.0,395030.0,293013.0,18690161.0,8864000.0,3019.299999999999,1442.8000000000004,25028.0,4743.0,353370.0,80628.0,8,8,16633.0,480781.0,149.582071785895,0.77,93.8,4.30444452162191,-75.88226727094641,236.0
2021-05-12,700.0,39645.0,374.0,420245.0,265448.0,19110406.0,9129448.0,3084.3,1489.5,24254.0,4583.0,354860.0,80812.0,11,6,16056.0,448913.0,147.226413411787,0.78,90.6,4.07930137768433,-75.01684343403383,184.0
2021-05-13,580.0,36111.0,311.0,331008.0,75959.0,19441414.0,9205407.0,3131.2000000000003,1501.0000000000005,23656.0,4442.0,355927.0,80943.0,4,4,3052.0,78421.0,126.225145364311,0.78,87.8,4.0336707422695,-79.86643466330834,131.0
2021-05-14,706.0,42886.0,375.0,442418.0,199423.0,19883832.0,9404830.0,3198.9999999999995,1536.4000000000003,23406.0,4352.0,356700.0,81116.0,5,3,17412.0,452613.0,125.101700447121,0.79,86.0,4.11284685398713,-81.8323224764319,173.0
2021-05-15,622.0,39315.0,308.0,363536.0,117425.0,20247368.0,9522255.0,3251.8999999999996,1556.3,22950.0,4271.0,357613.0,81228.0,7,5,8916.0,227979.0,132.374292808932,0.8,84.4,4.09835158093048,-80.81311073597217,112.0
2021-05-16,587.0,36972.0,306.0,199289.0,32854.0,20446657.0,9555109.0,3274.7,1561.4000000000003,22963.0,4255.0,357928.0,81309.0,7,7,2304.0,54173.0,131.511594391089,0.81,84.1,4.07966872335636,-77.54297013411842,81.0
2021-05-17,717.0,44459.0,370.0,366809.0,175983.0,20813466.0,9731092.0,3327.4,1591.0999999999997,22749.0,4186.0,358776.0,81505.0,12,8,19771.0,472948.0,125.372876806442,0.82,82.8,3.99449323522431,-74.04039532486765,196.0
2021-05-18,585.0,40697.0,318.0,444228.0,188080.0,21257694.0,9919172.0,3393.8000000000006,1623.5,22058.0,4015.0,360213.0,81692.0,17,8,15500.0,436897.0,123.684729470664,0.83,79.4,4.00677489639274,-66.9861927632495,187.0
2021-05-19,562.0,40159.0,299.0,454542.0,179004.0,21712236.0,10098176.0,3463.4999999999995,1652.7000000000005,21347.0,3862.0,361460.0,81833.0,37,13,13658.0,387245.0,120.1117574396,0.84,76.4,3.97704931781909,-45.1790214185709,141.0
2021-05-20,572.0,42431.0,283.0,493978.0,200390.0,22206214.0,10298566.0,3541.4999999999986,1684.7000000000003,20750.0,3769.0,362593.0,81966.0,53,33,12528.0,429143.0,134.230807884289,0.84,74.5,3.82629636393753,-10.05448308474261,133.0
2021-05-21,607.0,43109.0,324.0,475575.0,217351.0,22681789.0,10515917.0,3615.8,1721.2000000000003,20209.0,3631.0,363600.0,82075.0,44,52,12496.0,453187.0,126.906066222608,0.85,71.8,3.60829306255213,-30.094393754811676,109.0
2021-05-22,505.0,40944.0,258.0,340373.0,106019.0,23022162.0,10621936.0,3661.9000000000005,1737.3999999999992,19765.0,3544.0,364391.0,82164.0,46,50,7776.0,244086.0,125.207489026856,0.85,70.1,3.54071977317955,-10.718183451415781,89.0
2021-05-23,488.0,40848.0,241.0,158411.0,25714.0,23180573.0,10647650.0,3679.2000000000007,1740.7999999999984,19720.0,3515.0,364695.0,82234.0,57,44,1765.0,52249.0,124.404389808865,0.84,69.5,3.52148704315966,13.909770574878753,70.0
2021-05-24,502.0,42123.0,220.0,256516.0,51518.0,23437089.0,10699168.0,3713.1999999999994,1748.5,19701.0,3496.0,364902.0,82296.0,15,28,3493.0,96575.0,100.150495429524,0.84,69.1,3.3261514800325,-68.48861912522861,62.0
2021-05-25,507.0,45434.0,270.0,389208.0,223555.0,23826297.0,10922723.0,3772.699999999999,1786.8999999999996,19430.0,3447.0,365739.0,82494.0,3,17,16507.0,483356.0,101.650905285771,0.83,68.1,3.33777404429719,-77.47551042543908,198.0
2021-05-26,503.0,41452.0,258.0,395690.0,226406.0,24221987.0,11149129.0,3835.9000000000005,1828.000000000001,18593.0,3330.0,367046.0,82638.0,1,4,11842.0,355866.0,98.9451016125383,0.83,65.8,3.29545448906238,-81.22652173601506,144.0
2021-05-27,492.0,43646.0,254.0,437505.0,253233.0,24659492.0,11402362.0,3905.5999999999995,1871.7000000000003,17941.0,3206.0,368023.0,82780.0,1,4,11108.0,406157.0,96.8293300178298,0.83,63.4,3.24457074728924,-80.3978669366885,142.0
2021-05-28,475.0,43965.0,248.0,417311.0,314142.0,25076803.0,11716504.0,3971.299999999999,1924.1,17272.0,3104.0,369109.0,82878.0,2,1,10566.0,444308.0,93.9536686250219,0.84,61.4,3.14727931561137,-79.43453013417194,98.0
2021-05-29,446.0,42793.0,233.0,292653.0,180161.0,25369456.0,11896665.0,4014.099999999999,1957.1000000000001,16847.0,3028.0,369789.0,82946.0,8,2,6288.0,224253.0,91.7365783905668,0.84,59.9,3.09922565920649,-76.34097622967752,68.0
2021-05-30,373.0,41481.0,178.0,103735.0,41369.0,25473191.0,11938034.0,4025.3,1963.4999999999998,16775.0,2993.0,370014.0,82990.0,0,0,1450.0,49377.0,91.2672346917407,,59.2,3.08941260609863,-61.45347317570809,44.0
2021-05-31,447.0,49391.0,248.0,348653.0,239085.0,25821844.0,12177119.0,4076.5000000000005,2001.1,16596.0,2945.0,370577.0,83116.0,0,0,11681.0,396726.0,103.467190901229,,58.2,3.08872718215137,-28.177999626818753,126.0
2021-06-01,407.0,42436.0,204.0,408623.0,298998.0,26230467.0,12476117.0,4137.999999999999,2049.9,16088.0,2825.0,371500.0,83243.0,0,0,,,,,55.9,,,127.0
2021-06-02,291.0,36589.0,138.0,389979.0,272588.0,26620446.0,12748705.0,4197.799999999999,2096.7999999999993,15638.0,2754.0,372310.0,83339.0,,,,,,,54.4,,,96.0
2021-06-03,,,,,,,,,,15283.0,2677.0,373033.0,83409.0,,,,,,,52.9,,,70.0
